30000001,邓路S座2001室,113.894427760075,22.59584175668901
30000002,鞠街F座501室,114.15448800112954,22.66221631177224
30000003,昆明街P座1808室,114.08898734461455,22.61265561142125
30000004,王街m座1708室,113.91801025976845,22.56585115831389
30000005,邓街L座1405室,114.13949895217556,22.57569338597836
30000006,长春路s座403室,114.04382675133519,22.578653088984026
30000007,徐路W座203室,114.00557108800034,22.643929840082205
30000008,深圳路v座1409室,113.92731363478207,22.64810715327917
30000009,张街f座1002室,113.98369168536195,22.569596688838384
30000010,郑州街P座1407室,114.05651210173667,22.597352978541654
30000011,张路j座1706室,113.86519982446063,22.524474887382038
30000012,通辽街x座401室,113.97327174077259,22.618090321888094
30000013,常街f座2002室,114.18790581813043,22.673714156401488
30000014,哈尔滨街V座1705室,114.10518498227836,22.59325820961198
30000015,大冶街e座709室,114.05062333248384,22.575247932446484
30000016,昆明街N座1702室,113.97311753591543,22.543286918312322
30000017,孙路E座607室,114.05338571947647,22.655017288958934
30000018,陈路p座403室,114.06390839748414,22.528083306091613
30000019,贾街U座802室,114.01488575693686,22.54450913141949
30000020,长沙路e座2006室,113.97828067419519,22.681093268869894
30000021,唐街Q座104室,114.16252264154701,22.683091584003375
30000022,佛山路j座1006室,113.86472767426953,22.581807332282647
30000023,王街c座208室,114.11171842263623,22.535408382010758
30000024,兰州街e座606室,114.16061486817526,22.631126939157973
30000025,邹路w座107室,114.26074117082915,22.539117285297664
30000026,哈尔滨路g座709室,113.99227187694177,22.61111211766476
30000027,朱路j座906室,113.8627540000387,22.67208715715518
30000028,福州街A座1009室,114.19287659204194,22.574555882434407
30000029,徐路k座2007室,114.05847724323525,22.615521329770647
30000030,吴街V座501室,113.91488251650313,22.675115582093742
30000031,沈阳路M座1508室,114.1969497622067,22.66832977266768
30000032,张路T座2009室,114.25653731802147,22.568397713685126
30000033,郑州路V座306室,114.1587798306374,22.6131871933545
30000034,武汉街t座1501室,114.14387729206999,22.605021160680863
30000035,南昌路X座1307室,114.11392686178253,22.649532926055283
30000036,南京路Q座905室,114.11792197918248,22.605211602819367
30000037,高街S座1304室,113.90783204963505,22.666947600871897
30000038,广州街b座1606室,113.92779399942897,22.591343091173925
30000039,张街A座1208室,114.25394222966617,22.61861315573906
30000040,李路h座201室,113.88942299150854,22.605853843521523
30000041,王街P座1107室,113.88387288490712,22.599544724017445
30000042,福州街Q座1805室,114.21461980833897,22.675982340380706
30000043,高路T座909室,114.09622851358198,22.56910436822875
30000044,沈阳街C座307室,114.11460364541941,22.601553018979473
30000045,陈街q座907室,114.15115810064411,22.670285215533422
30000046,拉萨街L座1303室,114.11605752285213,22.640725954890723
30000047,张路r座1103室,113.86932482693558,22.6139440329936
30000048,张街H座1604室,114.26831521577732,22.594674144328526
30000049,兰州路m座105室,114.01849295242377,22.635705637277027
30000050,潜江路R座1302室,114.04400301300379,22.6439640342052
30000051,北京街P座1806室,114.21320429373199,22.553094057491847
30000052,梧州街Z座804室,114.19638574542648,22.62996052043046
30000053,巢湖街p座401室,114.24178145536841,22.60255097191177
30000054,张路D座507室,114.10898245457831,22.660682225941247
30000055,哈尔滨路l座1407室,114.10069652200669,22.627837335888294
30000056,哈尔滨街I座101室,113.93938646439469,22.65016257760156
30000057,田路l座1601室,113.90162031378992,22.549830592572217
30000058,李街v座1607室,113.92234649571779,22.56913975821016
30000059,柳州路D座1007室,114.24185829464997,22.555809894695905
30000060,大冶路h座809室,114.08470638480065,22.546132647539476
30000061,深圳路z座1109室,114.18768785204581,22.67188009499325
30000062,宋街f座2004室,114.20305424877672,22.579909102330348
30000063,唐街m座1302室,113.91522451893061,22.585091757900056
30000064,李街Z座301室,114.14482959542312,22.57938191873829
30000065,韩路m座1808室,114.08643138183656,22.603763754734285
30000066,何街v座503室,113.87087246471302,22.606841603860467
30000067,胡路Y座608室,114.26050303664549,22.543457486199983
30000068,辛集路Y座2002室,114.13426205904162,22.643404101651647
30000069,张路w座1002室,113.98938130011987,22.635567071038416
30000070,北镇路a座1904室,113.8835342893671,22.657164701920287
30000071,西安街C座1701室,113.88663549035282,22.57288070437104
30000072,李路N座2005室,114.11489365089349,22.566793992356605
30000073,惠州街u座405室,114.21724987562601,22.626148242231633
30000074,黄路L座1106室,114.26568282122716,22.623862134325204
30000075,韦路O座2004室,114.01795827273612,22.523106087629188
30000076,兴城路D座1702室,114.1354681307871,22.632954244495956
30000077,南昌路Z座109室,114.23685093863912,22.55904593866385
30000078,兴城街l座1005室,114.16344536175457,22.644204802386863
30000079,严路d座307室,113.93798812690478,22.669367545493273
30000080,王街B座309室,113.87674772622998,22.58519439040419
30000081,哈尔滨街f座203室,113.90437446018467,22.632482400124854
30000082,辛集路g座208室,114.08370658639859,22.6759336919858
30000083,魏路r座703室,114.13858631320004,22.63264346265309
30000084,长春街L座301室,114.13322501358437,22.629894458282664
30000085,郑州街R座402室,114.18494934440189,22.580939083485394
30000086,张街v座1903室,113.92468234597688,22.659142249675384
30000087,邵街p座1108室,114.11863018886781,22.57265603413887
30000088,兰州街s座1904室,113.91331052639667,22.607430633593697
30000089,杨街v座1709室,114.24687620896641,22.597993458961742
30000090,方路D座1906室,113.86736020405405,22.558363021902093
30000091,张街S座1609室,114.06122376253404,22.597097952083185
30000092,贾路X座1001室,114.18721997676494,22.624774057258144
30000093,沈阳街j座801室,114.05430645682861,22.656968200723497
30000094,大冶路Q座1705室,114.246900903507,22.681780600370953
30000095,李街q座101室,114.02771529490583,22.5418406816705
30000096,关岭路s座1008室,113.9524078905187,22.535775563332958
30000097,李路e座1904室,113.8565410125167,22.624404157316384
30000098,刘街U座203室,113.97154055896696,22.622660721420356
30000099,佛山路S座1601室,114.05575887660433,22.572086968531003
30000100,唐街f座1903室,113.9422702518833,22.58556551860568
30000101,邱街t座1805室,114.05132064521547,22.622121720408252
30000102,赵街g座905室,114.17942278874204,22.625393434495486
30000103,南昌路S座402室,114.16206085168558,22.62489890556104
30000104,济南街u座203室,113.97124426324422,22.64131013816776
30000105,莫路b座902室,114.12032055434709,22.652119853817805
30000106,雷街x座908室,114.0718280951141,22.676488348918337
30000107,北京街S座407室,114.11370185338143,22.543403597586064
30000108,叶街q座1606室,114.01107263255336,22.67120385518365
30000109,陈街k座307室,114.03280416381062,22.639381977949686
30000110,陈街x座906室,114.06369509559457,22.541312092357984
30000111,陈街Y座1003室,113.87860929976466,22.56006171279201
30000112,南京路T座303室,113.84946083995148,22.521864073569937
30000113,太原路X座608室,114.23722518870964,22.59630842746312
30000114,上海路J座2007室,113.89690916415707,22.623981647724555
30000115,夏街s座507室,114.0821111599964,22.614202153582156
30000116,姜街X座1208室,113.93233935755907,22.606415421087224
30000117,沈阳路v座1608室,114.14896252931601,22.586680907175136
30000118,台北路t座2008室,114.20454924171081,22.586857203011725
30000119,徐路H座1803室,114.0370854104384,22.567605838290152
30000120,南宁路e座1903室,114.16252326019607,22.53849484989099
30000121,杨路i座1905室,114.05967796754798,22.52823824719662
30000122,张路B座1101室,114.08878890560109,22.679799007220165
30000123,太原街t座501室,114.02075239551439,22.575548017752375
30000124,台北街E座1107室,113.99728400416569,22.546537520212034
30000125,沈阳路t座103室,114.21796300522512,22.585912684096453
30000126,姜街p座803室,114.10489762983515,22.66627716818632
30000127,蔡街M座807室,113.9208736903008,22.604969371838063
30000128,朱街Q座1302室,114.18153483116755,22.60703938323478
30000129,嘉禾路h座2008室,113.94772567732302,22.594863642315087
30000130,龚路C座903室,113.9516079445755,22.6366136192276
30000131,武街Z座607室,114.24608239413112,22.570767788262486
30000132,倪路d座1706室,113.94821351998877,22.68288986926828
30000133,潜江街A座1409室,114.10759623339457,22.63938905908489
30000134,齐齐哈尔路k座1506室,114.22888255639243,22.579061222131468
30000135,蔡街C座1507室,114.2056971885837,22.64344870697897
30000136,海口街F座601室,114.21147828192615,22.568788910183486
30000137,李街E座1102室,113.90455605813662,22.56256220323242
30000138,李路C座1504室,114.13560983829834,22.560609324089594
30000139,邓街R座807室,114.12014763357395,22.65159508262032
30000140,杨路k座1606室,114.12763963914755,22.684055253242814
30000141,淮安街j座304室,113.86764882700228,22.597584448664776
30000142,邓街G座908室,114.25721982122944,22.572719516493233
30000143,甄路h座1406室,114.06988409454452,22.680901900400553
30000144,六安街M座1806室,114.09695667376411,22.551856433429517
30000145,邱路Y座1604室,113.89064566570455,22.670021687893662
30000146,永安街t座1805室,114.11467884490173,22.610159096190838
30000147,巢湖街a座906室,114.12144211901115,22.68298277530752
30000148,胡街i座507室,114.26195165097538,22.64789321082971
30000149,周路e座103室,114.03245231049986,22.58648883070513
30000150,李街Y座904室,114.10969854909163,22.607605369464878
30000151,张家港街H座1902室,113.98985632360218,22.627599055181328
30000152,兴安盟街c座1206室,113.98535513618702,22.537881547459538
30000153,长沙街u座1502室,113.99438443671261,22.59499364071169
30000154,天津路m座201室,114.13385984080733,22.5872682903608
30000155,董路u座1707室,114.18580286757583,22.55324332044391
30000156,邱街q座806室,113.88082934998062,22.659434950829873
30000157,澳门路m座603室,114.10603381515536,22.590359774747654
30000158,齐齐哈尔街O座802室,114.08265207900611,22.540209129366374
30000159,广州街l座307室,113.9014493866134,22.550229670384272
30000160,马鞍山路e座2007室,114.10155212020075,22.537024180899987
30000161,海门路T座604室,114.21611618310494,22.560965757674417
30000162,辛集路c座1105室,113.92271089736799,22.56503647248157
30000163,东莞路k座2003室,113.85046524990017,22.55068306139966
30000164,兰州路v座804室,113.93156563271322,22.54832923733632
30000165,柳州街s座1302室,113.91653119241631,22.564986888247653
30000166,长春街D座1702室,114.17581199075865,22.65952271687299
30000167,仝街d座1603室,114.23088397389319,22.557894455003858
30000168,杨路Y座1209室,114.06190038563507,22.568791711896463
30000169,呼和浩特路p座806室,114.26014787140666,22.644127868241856
30000170,童路d座1601室,113.9706892373964,22.55833515806167
30000171,南京街O座1808室,114.0181103007522,22.64319723895971
30000172,王街n座703室,113.85494542748373,22.53919431303767
30000173,王路f座2003室,114.03937927271899,22.635815416812044
30000174,李街y座2005室,114.02739315796214,22.576072087985107
30000175,陈街n座1004室,113.99551900991976,22.595920101853302
30000176,罗街w座1104室,114.10497414555712,22.68159866707397
30000177,陈街w座1008室,114.04730922490344,22.559511321204116
30000178,海口路u座1706室,113.9560477386091,22.610057005198595
30000179,段路o座1701室,113.87649257733153,22.577709810935755
30000180,哈尔滨街r座1302室,113.9964589682047,22.635832310353862
30000181,董路P座1703室,114.10848910419796,22.58406733810989
30000182,李街r座404室,113.89348081154118,22.528877349722798
30000183,银川路g座205室,114.11108973476388,22.597966356836682
30000184,哈尔滨路U座104室,114.21379029215673,22.535635794835557
30000185,阜新街H座1402室,114.11545534958141,22.535957801455783
30000186,宁德路K座2009室,114.23728517172887,22.56280525522752
30000187,太原路p座1401室,114.06858248942659,22.57388537624721
30000188,赵路Q座1402室,114.09399374730363,22.573532304242033
30000189,南宁街Q座1008室,114.19626299580867,22.613361446441196
30000190,阜新路D座502室,114.00971804112984,22.634479559555384
30000191,广州街y座1601室,114.21056149076242,22.57433140478444
30000192,西宁街p座306室,114.00745457200907,22.574803180217927
30000193,潘街r座308室,114.15884730929182,22.62155036191305
30000194,詹街b座1002室,113.92132417298589,22.64438131471627
30000195,曲街m座2008室,113.9085339916568,22.59840994747051
30000196,贵阳路h座1602室,114.22157822616713,22.611334657318285
30000197,萧街w座1805室,114.06959704283486,22.674675164370665
30000198,韩路B座408室,114.14413706790452,22.53520776726012
30000199,赵路z座1004室,113.98573154329156,22.540090381521992
30000200,拉萨路Z座2003室,114.1487485996786,22.558142098230313
30000201,辛集街N座1707室,113.90382195650942,22.54212849103306
30000202,谭街t座203室,113.96926397301897,22.53185872287665
30000203,辽阳街f座1701室,114.01052588585884,22.64824886698277
30000204,武汉路j座1006室,114.20092177366082,22.67330850747445
30000205,太原街L座1101室,114.15258976602759,22.58609198099214
30000206,重庆路x座1803室,113.92759752727555,22.557658394790927
30000207,嘉禾街O座1708室,113.95298760485821,22.643414065357067
30000208,北京路a座1908室,114.10617963336105,22.683089434137784
30000209,陈路U座302室,114.0954180263242,22.535449977620335
30000210,杨路z座106室,113.85859398346604,22.52280874150197
30000211,南京街L座104室,113.88382333023299,22.67968416742481
30000212,龚街Y座1801室,114.11515364025594,22.539295945117882
30000213,辽阳街n座1504室,113.97009309878206,22.6140799419098
30000214,郑州路a座801室,114.00881817163139,22.590257426252084
30000215,汕尾路w座805室,113.91533043344644,22.67196448421447
30000216,方路O座2003室,114.2304365445795,22.682210655303532
30000217,范路z座901室,114.13054311923331,22.642833108921174
30000218,六盘水路h座307室,113.85770912586825,22.60169454064262
30000219,赵街O座508室,114.20889273630652,22.570939955220325
30000220,夏路c座1003室,114.09724427941754,22.66135786143177
30000221,李街q座1609室,114.01539163047828,22.579930735799707
30000222,白路v座1909室,113.98972450986167,22.52404451140526
30000223,申街x座1708室,114.18218039410709,22.594826837171865
30000224,彭路T座1502室,114.01499973913666,22.602265228361063
30000225,钟路B座1106室,113.96080944635997,22.545089613039977
30000226,合肥路F座1908室,113.98029113902356,22.663430892514636
30000227,兴城路g座1706室,113.85121026409334,22.552424960153946
30000228,大冶路w座1207室,114.1326836288307,22.598583645278115
30000229,班街g座1904室,114.26544411644,22.664789877535327
30000230,洪路d座303室,114.01851696250716,22.557036808647958
30000231,李街Q座1004室,114.03008266614285,22.567860881337502
30000232,邯郸路c座1802室,114.08362772006285,22.53392177975685
30000233,王街e座1101室,114.21560956660416,22.555169624724865
30000234,徐街v座1601室,114.17837109007817,22.675131123950752
30000235,余街L座1006室,114.14363209520103,22.62733830618086
30000236,仲路R座1103室,113.9527106438748,22.558382070192415
30000237,杨街Q座402室,113.85151831127551,22.581823205008693
30000238,沈路Q座1305室,114.07873784837561,22.65786080312996
30000239,深圳路t座607室,114.08858025752471,22.524312470036442
30000240,乌鲁木齐街g座1401室,113.93710001934289,22.684922082047528
30000241,嘉禾路l座307室,113.89237725195436,22.5926620160389
30000242,马鞍山路Y座504室,114.21569923974695,22.529614061619007
30000243,马路a座606室,113.93752464757733,22.564336525273525
30000244,文街d座1404室,114.1572056651645,22.629365891792236
30000245,佛山路o座406室,114.25729216981024,22.67604280721813
30000246,太原路E座1007室,114.01005584964658,22.64382116968308
30000247,杨路q座1409室,114.04513693547722,22.528885498866444
30000248,章街e座1401室,113.92556764974653,22.645698207330977
30000249,王街O座1202室,113.92941041072571,22.67329374760588
30000250,南宁街W座1802室,114.20531764728037,22.597305300185173
30000251,赵街a座1005室,114.06122290364557,22.675772077786267
30000252,高路K座1309室,114.06897676836977,22.591618383014723
30000253,西宁街b座901室,113.90411401645235,22.67862915374966
30000254,张家港街v座608室,113.88618184776105,22.631599754679726
30000255,齐齐哈尔路j座407室,113.93257643315334,22.669951387657683
30000256,六盘水路j座609室,113.94296798968577,22.653772128343515
30000257,衡路B座1703室,114.25364392663991,22.66166520639493
30000258,长沙路r座1406室,114.23987059458761,22.603241048699036
30000259,王路I座906室,114.04114170930339,22.535845184911942
30000260,吴路Z座1405室,114.0447061619624,22.58266843892014
30000261,林路w座609室,114.2514603119531,22.54510834878235
30000262,李街l座1505室,113.91105898100813,22.669711594326166
30000263,杭州街O座204室,113.99864962400135,22.642989271326407
30000264,贵阳路R座1506室,114.03406288098358,22.552683852166616
30000265,阜新街T座209室,114.0536740790936,22.54023181186219
30000266,陈路I座1204室,113.90475480960549,22.673743613205655
30000267,柳州路X座1102室,113.91114908955791,22.58842206783026
30000268,贵阳路G座1302室,114.11801958823848,22.59260117013272
30000269,席街F座401室,113.91734927954016,22.52679285809843
30000270,张家港路j座1509室,114.25441466709206,22.67373724776257
30000271,王街O座1602室,114.21025915479372,22.637559731680792
30000272,兴安盟街R座302室,113.9147414487527,22.64244612402365
30000273,胡街X座1304室,114.07541242459187,22.667462496696302
30000274,刘路G座1504室,114.20629750464849,22.623413889283736
30000275,陈街u座1509室,114.17209204370444,22.677770358318472
30000276,贵阳街F座605室,114.25895084340105,22.60094401036555
30000277,武汉路z座1202室,114.08231961238722,22.55436245009048
30000278,淮安路Y座1703室,113.86910822432334,22.624432594478904
30000279,郑州路X座807室,113.85300112750821,22.627468330410764
30000280,兴城街m座105室,113.95902315272198,22.52717581205655
30000281,巢湖街M座1105室,114.20194940380854,22.555978487401454
30000282,香港街X座109室,114.12079939553159,22.681987641136676
30000283,台北路I座1502室,114.08257421704552,22.58857067977609
30000284,石家庄街w座1805室,114.10834195430546,22.605300207530963
30000285,潮州街B座2009室,114.22645336284198,22.600304347674122
30000286,耿路Z座1503室,113.95772001218326,22.648564969291467
30000287,海口街O座1309室,114.0770880094088,22.585894162501198
30000288,杭州街D座1606室,113.90786037155326,22.64306262627008
30000289,李街m座1502室,114.16703230252163,22.561437306717707
30000290,王街J座1501室,113.8734529196264,22.630723940811418
30000291,吕街i座1501室,114.04345380033155,22.54087422921666
30000292,贾街G座603室,113.92773893930085,22.587500853100824
30000293,六安街l座1508室,113.86015443104122,22.61816597085975
30000294,张家港路r座1103室,114.1356834871579,22.621191557893244
30000295,何路r座1707室,113.8743013737218,22.652864837788663
30000296,吴街L座206室,114.14265315751247,22.58231822559773
30000297,吴街g座1702室,114.26454976851359,22.53500838464319
30000298,太原街N座1807室,114.24245724803133,22.62376211651556
30000299,齐路E座904室,114.0933270301195,22.549573064660496
30000300,齐齐哈尔路A座1403室,113.94156836188616,22.62130263302385
30000301,潮州街c座1703室,114.03405367069648,22.67152276164509
30000302,胡街E座1807室,114.0691106982891,22.558799494851435
30000303,史街F座308室,113.96436967477635,22.55195158066466
30000304,西宁路i座205室,113.86374183102569,22.552361753549516
30000305,巢湖街r座1907室,114.08706535396387,22.638132841659008
30000306,关岭街a座806室,114.03742001542359,22.548409836834214
30000307,林路p座106室,113.85147421619196,22.61858246915495
30000308,王街t座409室,114.2163207604954,22.553938369380678
30000309,蔡街d座206室,114.2362910708563,22.673540002551626
30000310,阎街t座208室,114.07854648421285,22.589377081121505
30000311,陈路t座604室,114.01287134652956,22.54651599432099
30000312,呼和浩特街Z座1603室,113.98853892690576,22.57292371949101
30000313,关岭路e座1701室,113.89877087802508,22.55811376829057
30000314,汕尾街h座908室,114.24725476852151,22.537263234085003
30000315,大冶路N座2007室,114.14968172107439,22.639478222387876
30000316,迟街j座102室,114.0601926481669,22.646699403403108
30000317,昆明街Q座804室,114.13252649036245,22.5318673405939
30000318,毕路v座1508室,114.1033510566348,22.64398034922323
30000319,香港街q座1308室,114.25294526182351,22.639265644909216
30000320,崔路F座801室,114.04616515326461,22.5761454191698
30000321,魏路e座104室,114.25506677409275,22.65205852874336
30000322,李路F座108室,113.95828496465067,22.59529060781213
30000323,深圳路x座701室,114.2276166772399,22.62840426019227
30000324,马鞍山路o座1003室,113.971470053585,22.537176668333736
30000325,合肥街m座709室,113.88120816043313,22.61604570929387
30000326,李街b座402室,114.19713831147646,22.5293153298674
30000327,成都街F座1205室,114.2279995564706,22.607270333319462
30000328,北镇街m座207室,114.18628002591187,22.550040003768032
30000329,张街S座603室,114.08101574339663,22.680898213221177
30000330,乌鲁木齐街L座1607室,113.97109001981006,22.54183785931775
30000331,林路u座1506室,113.96178068411085,22.58895283324598
30000332,齐路e座1306室,113.9230200520288,22.577955075247967
30000333,郑路x座704室,114.15110646568857,22.632681102355388
30000334,佛山路Q座402室,114.13739719996066,22.574071558601766
30000335,刘路A座202室,113.96252603932948,22.582819388162957
30000336,北镇街D座605室,114.11556518920045,22.648316742216767
30000337,苟街b座2003室,113.99648675895854,22.55761986050355
30000338,深圳街D座1609室,113.98460281673165,22.6028463909052
30000339,王路V座301室,113.87363103526708,22.563741584883303
30000340,陶街t座1908室,113.89365001321708,22.5708214613621
30000341,沈阳街G座1108室,113.88645394524953,22.581473738732445
30000342,郭路b座1305室,114.2363186676998,22.54506817447585
30000343,重庆路Q座1707室,114.1110719889341,22.5578634662433
30000344,郭街t座1407室,114.12971464385693,22.619527637826614
30000345,吴路N座204室,114.17008649730488,22.65549027026565
30000346,杨街W座905室,113.90962489290581,22.526663851236407
30000347,大冶路t座1106室,114.25739434276142,22.536259775754047
30000348,杨路E座101室,113.98246579668938,22.61931805791085
30000349,李路X座1508室,113.90654726920252,22.542784674354067
30000350,杭州路H座604室,114.0740724342908,22.65424633972343
30000351,重庆街q座508室,113.86617584665254,22.577039214039306
30000352,杨路d座1305室,114.11130694418001,22.56406430177788
30000353,杜路m座1801室,114.1211040781077,22.589860858782377
30000354,巢湖街I座806室,113.88114497342285,22.535665788465078
30000355,石家庄街H座702室,114.06166059597872,22.652333148721656
30000356,长沙路x座1501室,114.11400337384441,22.64610542575768
30000357,海门路W座407室,113.92842316892241,22.648081966425
30000358,梁街q座104室,114.11128518137599,22.56695407237365
30000359,潮州路Z座608室,113.95375438123709,22.63823587905932
30000360,徐路Z座409室,114.08707675488277,22.54063456995029
30000361,海门路k座1907室,114.26725863925749,22.566893564197432
30000362,张路P座1008室,113.93674947912089,22.612256867350364
30000363,魏路z座1204室,113.95940055422606,22.635281661680743
30000364,澳门街m座608室,113.9210552253451,22.665078146569684
30000365,郑州街z座1804室,113.99299372318602,22.631055717276023
30000366,马街g座105室,114.17629424710759,22.650936738458043
30000367,郑州路C座703室,114.19751411131303,22.64695674323122
30000368,郑街P座509室,113.98306677254386,22.646371707874074
30000369,李街a座103室,114.12887600550218,22.618597112714607
30000370,张路q座1608室,113.87220057085894,22.684728765875622
30000371,通辽路T座403室,113.9713736718304,22.567709020774547
30000372,陈路O座1004室,113.85792804146988,22.64410522998333
30000373,耿街Y座908室,114.17121874387804,22.58463663043199
30000374,刘街e座607室,114.19265532887646,22.685069735880987
30000375,彭路A座909室,113.87391655720397,22.530307100140465
30000376,淮安街N座1608室,113.96010346780093,22.63806467461794
30000377,长春路u座708室,114.22043181369052,22.62097257396764
30000378,福州路Z座1202室,113.97267428616966,22.538139327434166
30000379,刘路f座503室,114.16884260913277,22.59079544060244
30000380,关路c座1701室,114.0044093930956,22.64015629213287
30000381,阎街o座1606室,114.18445044240383,22.638534688938584
30000382,石家庄路N座1505室,114.09544517679554,22.569347334211795
30000383,陈街m座1702室,113.92181278920398,22.585822416292544
30000384,阜新路Y座901室,114.2596013848694,22.623976812887413
30000385,王街P座703室,114.1581546798616,22.59494265054954
30000386,郭路f座1202室,113.96183024707031,22.56384837548022
30000387,王路a座204室,113.95145055014257,22.580998020474638
30000388,张街f座901室,114.14287470220461,22.609246880936684
30000389,台北路R座109室,113.87988525112752,22.60027477618973
30000390,杨路j座1201室,114.24862910798164,22.618888706332537
30000391,辛集路R座1507室,113.9725986341887,22.679295650112465
30000392,惠州路I座1008室,113.85881754352023,22.634227250692497
30000393,王路c座1501室,113.99725371683338,22.612441946911684
30000394,长春路f座1602室,114.14569002303728,22.64188586178991
30000395,万路G座701室,114.01692628932344,22.6713389821559
30000396,欧街M座103室,114.19239220931776,22.644691068555602
30000397,梁路d座1302室,114.02729962535577,22.626024931277133
30000398,沈阳街Q座1908室,114.01614217295376,22.674117884010744
30000399,吴街g座904室,114.05184075136636,22.556348257781874
30000400,许街h座804室,114.21159885569632,22.539279759278248
30000401,倪路v座907室,113.99362972895882,22.621953173306377
30000402,李街o座1508室,113.85313861196222,22.546349299839314
30000403,巢湖路R座107室,114.11200088349683,22.549819283989457
30000404,嘉禾路n座1308室,113.97996017647756,22.537384780368722
30000405,宜都路o座804室,113.91944694731296,22.579199873064482
30000406,陆路y座1302室,114.24430489109432,22.648612157465944
30000407,惠州路E座807室,114.10877723380982,22.6647411467717
30000408,陈路y座702室,113.98705272566822,22.564393852656927
30000409,陈街v座309室,114.26122692958073,22.684485120245167
30000410,李路U座602室,114.04721853601178,22.594594225285807
30000411,佛山路Z座1805室,113.94102276866084,22.642189731664864
30000412,熊街y座1001室,114.18791819106802,22.654259429571578
30000413,哈尔滨路I座2001室,113.9331335478997,22.528533818549416
30000414,大冶路J座908室,113.92351504134156,22.58952528113327
30000415,嘉禾路i座107室,113.86478040481605,22.52716356903227
30000416,宋路K座1608室,114.1684042261738,22.564190705752058
30000417,惠州街R座105室,114.11967617928818,22.55261246187195
30000418,惠州街L座1108室,113.8492273938011,22.633140238029103
30000419,张街s座1704室,114.20030398208131,22.637114678143128
30000420,常街A座705室,114.03184188510323,22.599593819134707
30000421,哈尔滨街o座405室,114.06837862259111,22.648572340415615
30000422,澳门路s座1007室,113.8826089008979,22.663855699644454
30000423,北镇街k座1109室,114.10575894138194,22.571414930414495
30000424,杭州路o座305室,113.99676153202395,22.681214984758753
30000425,汕尾街s座1309室,114.14423213421497,22.59678123346937
30000426,武汉路m座1301室,113.98347682006188,22.63605719592979
30000427,大冶街D座1409室,114.11097070739203,22.618294021840235
30000428,太原路A座2001室,114.19512303715909,22.672567062644244
30000429,冉街A座107室,113.89397939103443,22.620451363753507
30000430,彭路D座905室,114.03285601515674,22.67914438967037
30000431,张街W座1803室,113.87123730177677,22.60869068571697
30000432,广州路n座703室,114.07407117578913,22.59105579739778
30000433,王街n座1707室,114.2370535187838,22.665462378028188
30000434,北京街X座1503室,113.8939276271338,22.589210175329942
30000435,谢路M座703室,114.01090154212241,22.650138233331557
30000436,西宁街z座608室,114.07824501412424,22.622428279334777
30000437,永安街Y座902室,114.02948632186856,22.65099793615539
30000438,六安街u座1604室,114.0353014866245,22.58963404923278
30000439,佛山路t座803室,114.17964917322688,22.52362006955738
30000440,大冶路c座2009室,114.2429237042851,22.647068739639963
30000441,何路c座402室,114.20980907584713,22.602738521390982
30000442,凌路H座207室,114.02761748020032,22.66990764483672
30000443,詹路Y座309室,114.19081651777658,22.64186755494787
30000444,姚路R座2002室,114.2135015625374,22.612099470159077
30000445,惠州街G座906室,114.11037097486985,22.551486271413857
30000446,上海街k座1305室,113.963449809251,22.62641611577943
30000447,董路a座1309室,114.03920315972917,22.578145999922093
30000448,宜都街Z座701室,113.89356174517458,22.571963264913244
30000449,钟路O座1501室,113.9636891016487,22.598942147366554
30000450,张家港街S座1708室,114.20949518456284,22.532598703317966
30000451,济南街l座1707室,113.99564849026656,22.666352628957036
30000452,拉萨街f座1908室,113.89207513471835,22.64190846406039
30000453,潘路a座603室,113.90524538586583,22.59716980720806
30000454,吴街F座1606室,114.11547240339496,22.676340988761183
30000455,李街D座1702室,113.85103186086624,22.55228178966476
30000456,南京路Q座1104室,114.24363798593599,22.543488330116418
30000457,辛集街g座902室,113.93373109403305,22.58736016806058
30000458,连街Y座104室,114.05176166859012,22.68442917392911
30000459,沈阳路J座601室,114.27031372253255,22.665962698945037
30000460,韩街B座2002室,114.21922935867175,22.641109458879622
30000461,卢街D座1607室,114.00081807444077,22.64070190729871
30000462,通辽路O座109室,113.98670742266552,22.58000369767526
30000463,宁德街c座804室,113.87489417709018,22.541518679534907
30000464,孟路a座604室,114.17316545471385,22.58592139467117
30000465,西安路p座1504室,114.22041599117767,22.570885883158322
30000466,赵街o座105室,113.85057929807815,22.67929396749286
30000467,黄街V座2002室,114.07937519686234,22.617112499499942
30000468,张家港街U座508室,114.14819110083266,22.596308916967317
30000469,合山路k座708室,114.11993056951334,22.571523192540933
30000470,吴街h座1702室,113.93882699092157,22.56721782766524
30000471,辽阳路n座605室,114.08504080139022,22.643627958293884
30000472,澳门街Q座401室,113.85695818591178,22.56633681446018
30000473,蔡路X座1801室,114.23805193631115,22.63753769304449
30000474,关路g座1404室,114.00871913389368,22.66591081897513
30000475,兴城路A座1302室,114.26446539254583,22.578237477238208
30000476,佛山路g座1803室,114.05577110685954,22.536555981204632
30000477,张家港路f座303室,114.1758967669624,22.599957535280694
30000478,深圳路b座1904室,114.05617158277708,22.577924545115426
30000479,蒋路K座1406室,113.95323924304078,22.577470556101627
30000480,吕路v座1106室,113.9764098709215,22.58686076592939
30000481,曹街B座801室,113.87518878362117,22.53288936232899
30000482,胡街a座1505室,113.92014859341035,22.591639877219976
30000483,龚路P座1603室,114.02141962899549,22.546813159847815
30000484,呼和浩特路r座1103室,113.99154159547952,22.624678094836217
30000485,贵阳路J座602室,114.10542398477301,22.683993181849903
30000486,深圳路A座1307室,113.88203727242018,22.634959518519942
30000487,呼和浩特路t座603室,114.10014101213427,22.682798901272406
30000488,熊街P座901室,114.130354895521,22.605965772671894
30000489,兴城路Q座1001室,113.90671299545374,22.600083981569576
30000490,佛山街e座1803室,114.04368737984264,22.527655706517674
30000491,李街o座2005室,113.84954812356115,22.5842025310373
30000492,太原街Z座109室,114.03031777989267,22.599461632416936
30000493,北镇街W座1903室,114.14949212324869,22.563683192120187
30000494,太原路c座505室,114.0461975528113,22.572855760888277
30000495,韩路h座1504室,114.23272817938084,22.583019732290037
30000496,丁街F座207室,114.21948414072003,22.55756389911122
30000497,魏街z座307室,114.15537358491892,22.618706910813877
30000498,史路p座406室,113.97162021979285,22.659889175586677
30000499,汪路e座602室,114.04525310505447,22.67201577150896
30000500,黄路V座1206室,113.85086528373859,22.677420929338673
30000501,汕尾街K座502室,113.97334058292306,22.55438992694962
30000502,澳门街t座1701室,114.11657671879823,22.582900654154866
30000503,淮安路E座1008室,113.86349562462384,22.535838118058305
30000504,嘉禾路G座301室,114.26620679002122,22.671172135580107
30000505,兴安盟路a座205室,114.21530233701698,22.680738582498247
30000506,银川路w座1003室,114.1972008790286,22.61779913801598
30000507,南京街b座207室,114.10263036632487,22.6056061787411
30000508,黄路I座1204室,114.03480153211677,22.521878828057375
30000509,蓝路Z座1707室,113.99086244159602,22.666929198434257
30000510,佛山街t座1908室,113.88388435424994,22.65112439128186
30000511,重庆街N座1207室,114.18434753438638,22.525356652004067
30000512,黄街W座2003室,113.88496516082732,22.629121291104337
30000513,唐路q座1301室,114.12989254079473,22.53261555300024
30000514,张家港街X座1004室,114.24680859834409,22.647184965016386
30000515,香港路Q座703室,113.86549010553682,22.681974858266948
30000516,大冶街y座1103室,114.12198816811855,22.669815333630314
30000517,马鞍山街k座209室,114.23745561576473,22.523387038431554
30000518,王街R座1703室,114.23233235151076,22.591649038796625
30000519,香港街k座1502室,114.20175377392812,22.578202739676776
30000520,熊路F座106室,114.07582372855438,22.59007692139321
30000521,嘉禾路K座1004室,114.18350546093194,22.62938599408399
30000522,长沙街i座1804室,114.16429689235855,22.560692412102892
30000523,孙街V座1807室,113.95419949016475,22.638851001082635
30000524,荆门街A座803室,114.09310209740221,22.595965949278217
30000525,褚街d座1901室,114.20388374627261,22.585698961099677
30000526,合山路i座901室,114.13446262083387,22.660674322499965
30000527,天津街Z座1507室,113.98328551561069,22.608320115774767
30000528,南宁路h座704室,114.03416131564282,22.6488251083374
30000529,王街H座604室,113.99099676802379,22.63255321938286
30000530,通辽街G座109室,113.97709403016087,22.613898732446962
30000531,澳门路K座1408室,113.92120334840065,22.681275733054793
30000532,王街l座903室,114.21856334021926,22.619892662112452
30000533,北京路c座2002室,113.86034928155689,22.61621730146728
30000534,林街c座505室,114.15717278676046,22.65635698300709
30000535,长沙街Y座1104室,114.15072033652763,22.586624862895402
30000536,李路P座206室,114.07082093211683,22.528388584668154
30000537,麦街S座802室,114.22781897100803,22.68046800995041
30000538,罗路Q座509室,114.26536186001466,22.635365737504017
30000539,李街H座1701室,114.01613239176373,22.6241617316882
30000540,黎路G座707室,113.97908478419475,22.637855097962152
30000541,潮州路V座2007室,113.92563705021978,22.53510306515562
30000542,杨街B座2004室,114.26262715015424,22.570282331927782
30000543,荆门街t座805室,114.15683006575087,22.53301478499297
30000544,巢湖路l座606室,113.88606633118067,22.579463058971903
30000545,南宁路i座1106室,114.17865588028752,22.662105422174154
30000546,龙路l座103室,114.12434100250348,22.602399193508916
30000547,梧州街V座1807室,114.1700436444987,22.530049444515882
30000548,毛街w座701室,113.88026291057483,22.625125632670443
30000549,佛山路C座1703室,113.96686412976172,22.598964236355602
30000550,天津街f座102室,113.9221481544337,22.536057862523652
30000551,长春街V座804室,114.2111889354577,22.539774552330876
30000552,李街k座1303室,114.08635938493687,22.66561243730189
30000553,田街E座1201室,114.04806605367791,22.66319761165293
30000554,辽阳路i座402室,114.14595176646576,22.575664413655588
30000555,温路G座1203室,114.25188836735205,22.6308309069523
30000556,谢街r座302室,113.96378386398965,22.661535290081357
30000557,陈街F座1005室,114.18618403306975,22.616838615030893
30000558,徐街X座103室,113.99876751656011,22.567428086335692
30000559,昆明路V座1402室,114.2527846103134,22.606458992463022
30000560,南昌路w座1104室,114.12263751000103,22.67036037984392
30000561,哈尔滨街e座1301室,113.96401406585836,22.62824089271959
30000562,太原路R座1707室,113.93591798858687,22.584454081531387
30000563,李路Q座307室,114.04746381226144,22.52709641603194
30000564,贺路Z座501室,113.97439658967487,22.660833765159964
30000565,王路g座606室,113.95496881079342,22.685402831912395
30000566,罗街X座801室,114.06883606860939,22.618369617460292
30000567,海口街e座1509室,114.1314399001256,22.603581145471157
30000568,甘路o座1408室,113.91088906170219,22.58705010862844
30000569,乔街Q座1903室,114.25483034778264,22.57450056019366
30000570,兰路t座1801室,114.05002070760965,22.685412727692242
30000571,石家庄街Y座109室,113.87477129090641,22.617188422730113
30000572,荆门街k座2002室,114.27114837613446,22.62931243559035
30000573,贵阳街J座109室,114.23047021375233,22.540368488776515
30000574,太原街z座305室,114.11386921403631,22.6298839790424
30000575,海口街R座1301室,113.89021306203526,22.537158946042638
30000576,龙路V座903室,113.89755289220192,22.649089542995394
30000577,兰州路j座501室,114.01457893692769,22.579969181778846
30000578,北京路O座702室,114.02107481672435,22.6421489622828
30000579,蒋路d座1204室,114.02200465467327,22.614926365490636
30000580,李路a座702室,114.00528991883289,22.637745916942023
30000581,天津街B座501室,114.15480846598318,22.577068137578923
30000582,朱街M座1702室,114.20352333433044,22.52258626365411
30000583,程路w座1207室,114.00323102398984,22.588430909412804
30000584,鞠路k座1905室,114.16451888655287,22.627587175389447
30000585,太原路N座102室,114.07961919522263,22.541076322573733
30000586,叶路X座1009室,114.17539204130254,22.6394695404129
30000587,祁街z座1308室,113.93864633587775,22.53251003779795
30000588,拉萨街F座308室,114.08333182687036,22.667615921170235
30000589,颜路I座1103室,113.96081117209302,22.557309959341133
30000590,房街F座1904室,113.94084145231074,22.626504317800503
30000591,张路q座1108室,114.09246663101142,22.628823582474396
30000592,广州路M座1008室,114.27002217989904,22.68336568890584
30000593,长春路h座1208室,113.91675435490282,22.62507567791815
30000594,刘路m座508室,114.070277320547,22.568961568830783
30000595,长春街l座707室,113.95209139634116,22.614945823853326
30000596,荆门路x座206室,114.0602040109638,22.64511304511433
30000597,张路F座1305室,114.01053682593849,22.57643891507197
30000598,孙路Z座1002室,114.02842795550062,22.58617601817353
30000599,童街r座705室,114.18600044377568,22.523344289946117
30000600,昆明路w座1309室,113.9899946760805,22.64047292401487
30000601,韦街V座1205室,114.21970305555809,22.541953450827634
30000602,高路y座603室,114.01292360347216,22.608449755030232
30000603,黄街H座1401室,114.00720363341814,22.64920394829998
30000604,王路j座508室,113.95493648123971,22.63778482634167
30000605,长春街j座1104室,113.92619618411358,22.54215647054689
30000606,王路Q座906室,114.24420555520427,22.551811446886543
30000607,吴街w座1209室,113.98583459087945,22.59879306653763
30000608,王街Y座606室,113.92746149450033,22.535018532164614
30000609,马街e座1102室,114.1481737935391,22.664969373416586
30000610,张路P座1406室,114.00867762777952,22.560898850133622
30000611,陈路W座802室,113.99556512885201,22.5686833238064
30000612,麦街v座1608室,114.18176500055776,22.607410305776632
30000613,魏路J座1705室,114.2328445324509,22.670108050945892
30000614,香港路E座606室,113.99124395878049,22.681153870054974
30000615,南宁路L座1002室,114.13137276271003,22.53889029360723
30000616,陈路A座1205室,114.08348837330203,22.61370948329551
30000617,赵街J座1906室,114.0219107827109,22.565821217982027
30000618,樊路Y座703室,113.9495036616104,22.657930477357798
30000619,俞街Y座1904室,114.09835012747064,22.60669384070695
30000620,杨路R座1501室,114.17334694527229,22.595205420024886
30000621,钟街z座1505室,113.97304342186335,22.549786164025374
30000622,王街D座1509室,114.10545086182164,22.55810436586887
30000623,贵阳街f座1505室,114.21910433304325,22.579360460219576
30000624,朱路u座1607室,113.9380623274138,22.645194796900647
30000625,周路B座604室,114.09257769655903,22.55269421573937
30000626,吴路s座308室,114.11181535427983,22.588405072611632
30000627,陈街G座608室,114.16362377968272,22.542083751492083
30000628,邱街q座1005室,113.99361307282366,22.6656550548078
30000629,陈街b座902室,114.17344442015542,22.551749822311603
30000630,李街X座102室,114.17517499184974,22.625384591306464
30000631,兰州街V座304室,114.2100058955761,22.528721258172283
30000632,周路d座406室,114.18418883806751,22.652162612089352
30000633,太原街h座1903室,114.15076636939176,22.603840603263578
30000634,南京路a座803室,113.8633133579402,22.586338072023867
30000635,刘街P座502室,113.85898347518624,22.593268295197582
30000636,萧街i座1207室,114.03813251459371,22.545633238122488
30000637,程街y座1408室,113.85147655059052,22.534894684023314
30000638,西安街L座404室,114.12840993833822,22.564414592927257
30000639,银川路O座1901室,114.26090636456601,22.578432125710815
30000640,刘街n座1806室,113.9326883386227,22.669806000818227
30000641,东莞街H座309室,114.2652881162349,22.67666484468868
30000642,沈阳街L座307室,114.18288303775476,22.676282280293883
30000643,陈街W座1307室,113.88282687300511,22.588193702522958
30000644,张街y座903室,114.04157955091348,22.52395067844054
30000645,李路d座1606室,113.97225672807788,22.643444794933693
30000646,荆门街F座1509室,114.2435985748053,22.55831318623874
30000647,宜都街A座2009室,114.11310491593606,22.56928144471656
30000648,万路N座808室,113.8727105922497,22.643830115387352
30000649,北京路y座1201室,114.01297033811716,22.526007189330958
30000650,阜新街L座203室,113.95591888410203,22.598979514902453
30000651,福州路w座1202室,114.25440304059133,22.59345124577242
30000652,刘路e座1509室,113.91671030395051,22.523884142502197
30000653,兰州街g座603室,114.14387723178605,22.54845467774854
30000654,吴路i座1909室,113.98755125830316,22.600982877349406
30000655,程路i座1405室,114.20800469265674,22.677553801950797
30000656,傅街a座1205室,114.18130391603842,22.639877554036136
30000657,香港街e座1207室,113.88458515282352,22.589533156249324
30000658,太原路J座902室,113.85389994548608,22.648222899288037
30000659,杭州路K座1405室,113.92649545653323,22.61724090275958
30000660,梁街R座1201室,113.90416880381582,22.674512560642764
30000661,兴安盟路j座2001室,114.1453264124498,22.644888739842365
30000662,宜都街M座103室,114.20268407422316,22.671613419998277
30000663,佛山街E座2002室,114.24053573964757,22.56761965480532
30000664,东莞街y座902室,113.90958465187889,22.60497150488302
30000665,呼和浩特路z座1302室,114.03969495653605,22.593883004172174
30000666,宋路I座505室,114.10961144324237,22.57075111070627
30000667,香港街v座1803室,114.09153831067398,22.521638800522013
30000668,朱路y座1702室,114.02035760585889,22.547531339551576
30000669,东莞路e座407室,114.04904629695025,22.68118509710492
30000670,深圳街L座1102室,114.01149533330876,22.684205628058567
30000671,郑州路Y座1502室,114.08900531878628,22.627632475442347
30000672,邯郸路a座1303室,113.95049723815886,22.65210711439831
30000673,雍路u座1303室,113.85898042362447,22.55222275984995
30000674,上海路B座606室,114.09563623977306,22.56765995552246
30000675,深圳街h座908室,113.95376424546622,22.614147625729625
30000676,兴安盟路w座1601室,114.01439770486661,22.56055685858036
30000677,余街q座1304室,114.03729667361664,22.57294765357053
30000678,刘路u座305室,114.14806229037005,22.616547460637296
30000679,淮安街e座1507室,114.19836542488696,22.63327400727927
30000680,海门街O座402室,114.21320670963556,22.55473574046553
30000681,西安路J座603室,113.95363216981315,22.680164050260633
30000682,潘路M座706室,113.96975601143028,22.670031589623573
30000683,澳门路I座909室,114.14806902852776,22.569482620491225
30000684,胡路q座1405室,114.14486795562613,22.59232067293828
30000685,拉萨街F座1007室,113.99464059293147,22.57332834172475
30000686,兴城路T座909室,114.19955256487508,22.66122821252433
30000687,韩路f座1902室,113.98717487961,22.634094349704217
30000688,袁路w座208室,113.99739873997746,22.59408070406667
30000689,济南路i座606室,113.94493209705725,22.61126185266987
30000690,孙街O座307室,113.8617754193246,22.632306095519404
30000691,牛街D座106室,114.00457371753485,22.57589327245634
30000692,关岭街g座601室,114.18660676280646,22.57195705814902
30000693,梁街s座1502室,114.18349108766309,22.531956210081574
30000694,南宁街N座1701室,114.01267916560883,22.56370571709436
30000695,李路E座202室,113.96894234357953,22.659784642258376
30000696,关岭路E座1009室,114.03594938511293,22.539765299116414
30000697,长沙路Q座1708室,114.24006911593835,22.623523106407138
30000698,张家港路E座704室,114.16846284505357,22.52383883606431
30000699,阜新路z座1805室,114.0233347249322,22.629949605665036
30000700,贵阳街q座607室,113.91493105564477,22.535299592373125
30000701,台北街P座1901室,113.87157673592915,22.608044578305826
30000702,贵阳街U座1306室,113.96195484337218,22.597346954267678
30000703,满街t座1408室,114.1863532145213,22.654238564301355
30000704,钟街F座2001室,114.02380630592327,22.53867858071112
30000705,袁街s座804室,114.268204217944,22.67535503135393
30000706,张路z座102室,114.08227477705753,22.650402084911608
30000707,乌鲁木齐路c座1508室,113.99786595164188,22.659858815582407
30000708,黄街X座1005室,114.13023796016743,22.660853220324114
30000709,香港路t座2002室,114.09295492954473,22.6052537246047
30000710,香港街z座1405室,113.90649795192441,22.62340684953948
30000711,福州街K座605室,114.14053725667536,22.595897634101966
30000712,徐街W座808室,114.20069769576935,22.54286061410659
30000713,许街y座1503室,114.04462858226303,22.568222675417786
30000714,昆明路J座707室,114.2686250138798,22.529514278636437
30000715,左街M座209室,114.02301722952522,22.660529141120403
30000716,嘉禾街t座504室,113.8759261376715,22.62843742540471
30000717,乌鲁木齐街U座503室,113.93672173918273,22.66218449109235
30000718,昆明街R座1608室,113.98579301867778,22.646654951852888
30000719,大冶街Z座1208室,114.02981424095529,22.680114451342256
30000720,覃街b座209室,113.91529869388586,22.53516698751575
30000721,梧州街x座1707室,113.97888677366119,22.540628604135843
30000722,郑州路r座1407室,114.16281278824289,22.67957833424268
30000723,上海街q座1507室,114.19718322475951,22.533641300522454
30000724,林路S座301室,114.22617075328856,22.60016456103754
30000725,尹路v座1109室,114.190419452905,22.62469614469405
30000726,拉萨街U座1509室,114.14684824641722,22.64992474929048
30000727,刘街r座1202室,114.12950843629663,22.683009001190534
30000728,合肥路O座1809室,114.2297042479094,22.537137785752314
30000729,哈尔滨路v座101室,113.95441199375854,22.59856948829848
30000730,澳门街n座607室,113.89002659773058,22.679546253593212
30000731,兰州街t座1901室,113.97989243510096,22.595264302635258
30000732,贵阳街m座1804室,113.95029164562784,22.57399627180785
30000733,兴安盟路s座401室,114.01172787174653,22.56380940155863
30000734,西安街T座1007室,114.2586914536653,22.63274359549226
30000735,罗路l座606室,114.01191632823873,22.534384069905162
30000736,孙街U座1301室,114.0174881561718,22.666593448826003
30000737,郑路T座2005室,113.91309762671727,22.588198457718534
30000738,杭州路m座1406室,114.23689098129802,22.571978515600055
30000739,曲街O座609室,113.92163534335207,22.60187192515108
30000740,银川街Z座1405室,114.03477704895012,22.58278272985949
30000741,李路U座1407室,114.04270541973239,22.675887980243182
30000742,李街L座602室,114.00534215472919,22.591940246769664
30000743,巢湖街Y座509室,113.92276163686782,22.609868919410207
30000744,朱路n座1605室,113.86117862503605,22.672203219993747
30000745,杭州街r座1402室,114.04744337740595,22.597713903615794
30000746,陈街u座2005室,114.12690969897604,22.549147807366946
30000747,刘路P座1902室,114.26485871176709,22.658993305770604
30000748,李街E座306室,114.03617354220715,22.55139984845287
30000749,黄街T座1103室,114.11801331352241,22.528311279751687
30000750,常街o座1003室,113.90702165119309,22.571139404258858
30000751,西安路R座508室,114.10031529340334,22.62812693793255
30000752,西宁街A座103室,114.0939238799129,22.63370446528268
30000753,仇街C座1501室,114.16588578108254,22.625753988573233
30000754,周路A座1005室,114.18023829457815,22.574274432627014
30000755,雷路o座1806室,113.99934008400116,22.613708493937494
30000756,周路X座2003室,114.15210198007767,22.67848902727631
30000757,李路s座1905室,114.06215550749386,22.67098089010518
30000758,张路y座1104室,113.93318338116202,22.611708520192067
30000759,夏街J座909室,113.89531505809997,22.661231464647877
30000760,张路k座1209室,114.25455741070036,22.648003193273134
30000761,香港街x座1906室,114.25090536834871,22.63375311661017
30000762,东莞路U座1308室,114.09561547602223,22.595486911865965
30000763,北镇街d座907室,113.91104361778747,22.654535375079014
30000764,南昌路p座209室,113.97529469773826,22.59437038479966
30000765,戴街u座1805室,114.25384179438511,22.67664056563494
30000766,李路x座501室,114.19000608976926,22.584424494598057
30000767,阜新街w座1102室,113.99067837143711,22.57703575293559
30000768,银川街a座605室,114.06467124588288,22.554711279365257
30000769,通辽路w座2002室,114.04348677439305,22.61410089280937
30000770,贵阳街d座1803室,114.0871798584818,22.646612885393147
30000771,石家庄街W座1907室,113.90425070142965,22.565396506272076
30000772,武汉街M座503室,113.94534292197214,22.582646910599333
30000773,宋路I座702室,113.85031831732454,22.56284162723044
30000774,太原街F座1502室,114.12087657197264,22.572487104621036
30000775,冯路x座309室,113.9195653761994,22.589708090738927
30000776,李路k座1209室,114.1445747971014,22.665637272756356
30000777,辛集路r座1902室,113.91007914987455,22.683124922978983
30000778,太原街S座2004室,113.98779982031067,22.58184305398407
30000779,刘街f座1809室,113.8538204078975,22.595933920697476
30000780,董街H座2003室,114.10209258033943,22.605751496371713
30000781,宋路L座703室,114.15165126132332,22.571708784660505
30000782,成都街Y座908室,114.15279476030264,22.52553703184041
30000783,彭路K座809室,113.9918144141195,22.594286107331765
30000784,曾路Z座1903室,113.92803400581752,22.668463233142933
30000785,高街d座1906室,114.21380785285281,22.543570912500705
30000786,朱街d座308室,114.21333767757402,22.56873743865268
30000787,黄路l座2003室,114.0256092613706,22.656767817776405
30000788,王路b座309室,113.85008712338768,22.672274843514437
30000789,董路C座1509室,114.09423063703122,22.641652618682652
30000790,邯郸街a座1901室,114.18524382876684,22.639589791348527
30000791,武汉路o座507室,114.18570920180586,22.53642343220216
30000792,姜街v座503室,113.93194243061174,22.585323933494433
30000793,淮安街v座2006室,114.269786405819,22.583140034287048
30000794,吴街s座1107室,113.8987509165906,22.533858135096793
30000795,王街h座1603室,114.09301473243364,22.676966468945807
30000796,嘉禾路y座1901室,114.06053229093632,22.546935341052357
30000797,六安街s座709室,114.0100838677856,22.542723513034996
30000798,汕尾路a座1206室,114.03258751374302,22.629688118229744
30000799,太原街I座1006室,114.26242423494908,22.552276670710494
30000800,张家港路P座303室,114.04435625184703,22.666685585318184
30000801,周路x座901室,114.05607727214507,22.613457232238215
30000802,南京街y座309室,114.05493670418768,22.54223811112263
30000803,刘路V座107室,113.90429684701722,22.66633871643772
30000804,重庆路v座803室,114.13354795165985,22.624366638094102
30000805,马鞍山路Y座203室,114.27100083026912,22.667239355730345
30000806,刘街H座405室,113.95196364712233,22.534113141527843
30000807,石家庄街z座409室,114.17753023009132,22.635035308045698
30000808,张街F座1102室,114.24007505972162,22.539448513741217
30000809,欧阳路I座401室,114.2310832109831,22.527642088774016
30000810,陆街x座309室,114.14322831958226,22.547709520246727
30000811,西安街f座807室,114.2194323293714,22.598258663245982
30000812,哈尔滨路C座903室,114.25462353345902,22.652639827312505
30000813,沈阳街B座1203室,113.92568727140343,22.679089775329718
30000814,巢湖街Y座409室,114.21564727910052,22.569768203433167
30000815,谢路v座107室,114.24940657600156,22.63781642891297
30000816,通辽路R座1904室,114.06857657053665,22.529478250703228
30000817,李街r座203室,114.1659716147187,22.635057650719663
30000818,苟街b座1107室,114.2699329322253,22.652499927257118
30000819,朱街s座1902室,114.19635089331783,22.522494538920515
30000820,关岭路o座2002室,114.14675911584654,22.633838250956256
30000821,简路Q座1904室,113.92024866137638,22.660407902515182
30000822,齐齐哈尔街E座1508室,114.0237982088655,22.67393907116632
30000823,李路G座1607室,113.98070802518846,22.600090765435116
30000824,大冶街J座907室,113.95746483713728,22.674381484300174
30000825,大冶路P座703室,114.05991088852325,22.613660725503475
30000826,潜江路n座106室,114.23313647570292,22.628533755507952
30000827,潜江路E座1809室,113.8561760005738,22.571255185378384
30000828,马街z座202室,114.194880142106,22.656673208186863
30000829,龙街a座1801室,114.06718353750314,22.657663829733643
30000830,杨路f座106室,114.18403394332259,22.643654468972812
30000831,孙街I座1601室,113.9112475620212,22.649083016233714
30000832,西宁街i座1509室,114.06900987707189,22.63170162834603
30000833,左路j座301室,114.01453672439828,22.61468088295444
30000834,李路x座1408室,114.05783605274546,22.539407192088753
30000835,长春路n座1004室,114.16056194578186,22.53016198842936
30000836,杭州路u座1007室,113.88337276262004,22.524744952370614
30000837,陈路t座1607室,114.24995155034999,22.52195258261876
30000838,张路O座1603室,114.00445283822506,22.571650624211685
30000839,王路q座1003室,114.16125728252389,22.68572114149599
30000840,赖路z座1006室,114.19970810266803,22.670002422436614
30000841,洪路m座708室,114.04083377470899,22.60029228709389
30000842,郑街a座1606室,113.94829746158312,22.56160047493294
30000843,南宁路X座301室,114.1547701489879,22.63708060672965
30000844,王街P座905室,114.10853875606502,22.654300763910808
30000845,李街Q座1108室,114.05382868602653,22.536505518709465
30000846,合肥路q座805室,113.9803613227333,22.53082448967418
30000847,南宁街u座1909室,114.07083190907143,22.678215634823673
30000848,陆街V座105室,113.97930614845215,22.638549522936614
30000849,郑州街x座307室,113.88160786672232,22.557561806722788
30000850,深圳街x座1308室,113.9443583254953,22.645487007108503
30000851,荆门街w座904室,113.9953650563637,22.52342174734051
30000852,万街x座1707室,114.2576680314729,22.55056879962452
30000853,长春路C座1305室,114.16838997509358,22.646008840935757
30000854,西宁街N座1109室,113.85201117641088,22.59485100636754
30000855,香港街B座2002室,114.16894581198173,22.53193185034667
30000856,何路P座1905室,113.92034196165953,22.628032688497925
30000857,赵路a座803室,114.04304972491852,22.639388256044345
30000858,廖街u座506室,114.00827617205903,22.67742062324157
30000859,宜都街B座1909室,114.26368099094633,22.668618415812233
30000860,辽阳路Z座1708室,113.9863809408066,22.528414268802592
30000861,合肥街P座606室,113.94774844423242,22.614966160204418
30000862,吴街c座206室,113.89837493638406,22.574786614186404
30000863,潜江街z座909室,113.88921099107885,22.577984403540178
30000864,永安街D座109室,113.93198334148123,22.54645959931863
30000865,祝路w座1403室,113.97889900449383,22.575108647674792
30000866,大冶路v座303室,114.21287523132179,22.55525172928931
30000867,谢路e座1907室,113.90114404768883,22.633898657682224
30000868,汕尾路n座1004室,114.05373478242282,22.636434385544575
30000869,海口路u座1005室,114.20216120953397,22.607205414994628
30000870,柳州路B座302室,113.92237565339418,22.621560753838946
30000871,济南路f座407室,114.0751237415485,22.663431474545273
30000872,胡路y座1103室,114.1815985887574,22.562058578410877
30000873,兴城街Q座603室,114.17199677418539,22.628744389087885
30000874,齐齐哈尔路S座708室,114.22870281356035,22.62239322158322
30000875,林路E座1803室,113.94160272352877,22.660172931755834
30000876,王路M座302室,113.94407726361528,22.53927345375384
30000877,李街z座1606室,113.98754538064897,22.66771431381406
30000878,钟街A座1805室,113.96444158530757,22.58521885677853
30000879,陈路J座303室,114.2025865376181,22.623279213952518
30000880,郭街p座1702室,114.05318926817513,22.54551576104046
30000881,谭街F座1603室,113.94390341104071,22.59723464049248
30000882,哈尔滨街O座407室,114.16801065030867,22.594524212288547
30000883,柳州路L座2003室,114.09158315319984,22.55952325033677
30000884,饶路n座403室,113.95427662529114,22.63338534011664
30000885,海口街b座1107室,114.17772673739307,22.671542593384082
30000886,张街d座1502室,113.88198155835686,22.568859012656443
30000887,重庆路c座1901室,114.21295901978642,22.667949834913944
30000888,海口路B座1006室,114.15008200411783,22.544946280195774
30000889,杭州路J座203室,114.14398228954008,22.552140106730246
30000890,哈尔滨街I座405室,114.16003917460046,22.652401929154276
30000891,拉萨路q座107室,113.97834412633978,22.657302411845183
30000892,何街y座1609室,113.88839475711396,22.653252528398717
30000893,重庆路j座904室,113.8774780720587,22.61514971642323
30000894,王路T座406室,114.0289600256104,22.662567915495387
30000895,夏路s座601室,113.97875330383042,22.613576121420973
30000896,雷街j座504室,113.92757599709296,22.684306371483366
30000897,刘街a座603室,113.90210375706468,22.619118692474167
30000898,苏路w座1909室,113.85413152325485,22.646644880548788
30000899,郑路C座1402室,114.25170711801155,22.55210220217276
30000900,六安街b座704室,114.21149559699526,22.59348963833166
30000901,罗路f座1803室,114.08241181662625,22.606106686385342
30000902,兴城路i座1007室,113.92146517211896,22.535713136200698
30000903,颜街b座1409室,113.90357869589917,22.602099435915914
30000904,太原街z座1408室,113.91261155442164,22.542415590507687
30000905,南宁路A座1308室,114.26815513237733,22.682016224695438
30000906,柯街D座404室,114.13893476641816,22.594761147738343
30000907,兰州路b座1904室,113.93269604310416,22.547636131365227
30000908,荆门街Z座1407室,113.98585667582203,22.59759236743076
30000909,兴安盟路U座208室,114.00890347355146,22.624245103657717
30000910,刘街b座403室,114.07946098623572,22.62010045350611
30000911,孟路a座2001室,114.26505406399674,22.618752706483953
30000912,惠州街G座709室,114.03311642888572,22.638450453392085
30000913,嘉禾街i座1202室,113.89185168033818,22.66654485677378
30000914,兰州街J座507室,114.05261201521128,22.679971139692565
30000915,石家庄街R座1103室,114.07684718755567,22.6698077419143
30000916,昆明路b座1306室,114.03267640834977,22.56330755729126
30000917,六盘水路E座506室,113.99133299274894,22.685858152040648
30000918,昆明路E座504室,114.19377662315895,22.55558295042105
30000919,巢湖路K座1101室,114.26960978099537,22.53243499451129
30000920,巢湖路V座1406室,114.10763699048084,22.542912263303233
30000921,宜都街G座1501室,113.91071921680079,22.533633664147384
30000922,乌鲁木齐路D座1907室,113.86752023321704,22.608972558744284
30000923,戴街q座1708室,113.91088486483966,22.575485765717268
30000924,张街E座903室,113.85704582582042,22.676137186883995
30000925,李路d座805室,114.06326908874462,22.592260231948938
30000926,邯郸路O座302室,114.13754983470515,22.580862368121714
30000927,哈尔滨路k座1205室,114.16304289099766,22.549930450589983
30000928,苏路c座1402室,113.87503411517137,22.647875802329402
30000929,南宁街x座1804室,114.03538595952662,22.63884390229782
30000930,宜都路j座806室,114.16820803252843,22.561571537693005
30000931,重庆街M座806室,113.89404793681386,22.63167251221634
30000932,永安路x座903室,114.01123571556496,22.56991070808826
30000933,徐街K座1101室,113.92811148400006,22.647769709287914
30000934,昆明街K座1109室,114.24225396734617,22.634157584563127
30000935,沈阳路f座507室,113.97782653827619,22.56878257540709
30000936,杭州路F座709室,114.03588927888222,22.602903996293534
30000937,深圳街W座408室,114.1210238598654,22.552468725698528
30000938,淮安街H座604室,114.25544239477613,22.6563993377927
30000939,郭路o座1405室,113.93665819457952,22.575482922690888
30000940,台北街Y座1608室,113.9191315569892,22.53861110693912
30000941,郭路K座2005室,113.90777631801033,22.65274475120644
30000942,吴路H座806室,114.19131169114011,22.650652625716667
30000943,兴安盟路z座408室,114.10674359657678,22.61468452596903
30000944,北京街u座207室,114.19695622164278,22.577061796881313
30000945,银川街U座1401室,114.11947162515224,22.659307190667597
30000946,拉萨街b座1204室,113.93418248063772,22.55162899173957
30000947,李路u座1806室,113.9937761872649,22.525574406492982
30000948,香港街F座707室,114.16726957080093,22.616287826400235
30000949,孔路i座308室,113.96253106082848,22.589598043203857
30000950,杭州街y座107室,114.04612722500954,22.64562153558456
30000951,昆明街k座1908室,114.17676723197873,22.68160328906584
30000952,呼和浩特街I座1801室,114.16099561418315,22.649312918529976
30000953,东莞路G座405室,113.89265449100124,22.641359869990186
30000954,沈阳路j座403室,114.21233443793784,22.527173271620324
30000955,南宁路y座1208室,113.99474237998386,22.55198526378947
30000956,贾路b座409室,114.08487928261691,22.60764287088862
30000957,银川街s座805室,114.00355188694144,22.68318518472917
30000958,戴街t座1008室,113.93429387379514,22.64922798855021
30000959,邯郸街z座609室,113.8924564110557,22.541429778077205
30000960,周路t座609室,113.89911126048325,22.570223866829792
30000961,罗街z座206室,113.9000211845191,22.531002021210764
30000962,合山街D座406室,114.09648211045463,22.598919656589665
30000963,梧州路I座1703室,114.12865709067009,22.663858066958642
30000964,昆明路F座1005室,114.17617296456513,22.59622200540039
30000965,梧州路h座506室,113.85432675922593,22.59640829446897
30000966,长沙街m座109室,114.10642669355263,22.678548390892413
30000967,杨街u座409室,114.270722749836,22.560235403076323
30000968,嘉禾路h座1209室,113.96701888820269,22.667963708707607
30000969,杨路o座204室,114.09885512406638,22.53534586397623
30000970,合山路m座1808室,114.21150371683979,22.64470637367426
30000971,石路g座1708室,114.13078625029813,22.661789220758074
30000972,潮州路J座1103室,114.0547599244468,22.67554336728068
30000973,李路z座1503室,114.23635890844568,22.612801884027764
30000974,广州路s座504室,114.12141452961299,22.53753199327288
30000975,王街q座1706室,114.03004508645684,22.535435350077787
30000976,永安路B座2006室,114.06489172989954,22.556143716069094
30000977,天津街a座504室,114.17012746136601,22.65816035429211
30000978,南宁路V座1709室,114.14229112597653,22.53108721173574
30000979,杭州街Q座808室,114.12426280329508,22.604514068861892
30000980,范街H座704室,114.16868984548569,22.542845395002043
30000981,南宁路r座704室,114.05551802099133,22.5291085054738
30000982,兰州街g座1302室,114.22597725762256,22.648868806916923
30000983,六盘水路H座801室,113.95150721310341,22.57396893567905
30000984,宜都路I座602室,114.10459416981848,22.522246042120642
30000985,时路x座1701室,114.16496753952646,22.601207205874985
30000986,北京路I座1702室,114.22774175098886,22.547812008885455
30000987,汕尾路e座108室,113.85469447416705,22.651209200415455
30000988,杨街u座1705室,113.96814782336298,22.608719588017774
30000989,长沙街U座1908室,114.23936920617767,22.538080084026756
30000990,西宁路k座107室,114.09191829045383,22.617167987061862
30000991,宜都街d座1404室,114.06818741145614,22.54362387218421
30000992,昆明街D座1208室,114.18343226015357,22.557530441684424
30000993,郭路x座604室,113.98485231851637,22.664573834943837
30000994,深圳路K座1307室,114.1020269423297,22.55274765119461
30000995,李街z座1305室,114.23820140831877,22.55391734392532
30000996,刘路T座801室,113.95246457208478,22.661861469950885
30000997,兴城街c座208室,114.17700686204003,22.602566807059592
30000998,刘街s座1304室,114.23643886955554,22.600048784754765
30000999,南京街b座1206室,113.89007128485618,22.656904695928766
30001000,陈街q座2005室,114.26402571365398,22.525908456699103
30001001,万路U座2007室,114.01334572752381,22.684126081603356
30001002,洪路n座907室,114.2303933400379,22.59474494435565
30001003,黄路V座104室,114.12112604261246,22.651401030123047
30001004,辽阳街k座807室,114.0397289361937,22.56959402431812
30001005,萧路S座309室,114.01728043692,22.616935303627212
30001006,朱街w座2003室,114.02122079819456,22.553184595787748
30001007,荆门街r座703室,114.16322124701385,22.574307995004816
30001008,贵阳街K座1803室,113.8859193488691,22.526891037200233
30001009,张街K座2008室,114.15572451857909,22.578924584837758
30001010,殷街d座1407室,114.16115417156938,22.54159940706516
30001011,上海路W座208室,114.08230322722221,22.62311189616865
30001012,哈尔滨街t座904室,113.99460480002698,22.609251313287768
30001013,澳门街O座2008室,113.8834921283388,22.561198029610537
30001014,兴安盟街z座409室,114.26190636382962,22.553638824929685
30001015,沈阳路J座1509室,113.90560423781403,22.67801787164055
30001016,海门路m座505室,113.86567467100058,22.53205296212423
30001017,南宁路F座1301室,113.9140416445534,22.628428831604612
30001018,银川路M座1608室,113.93958784254592,22.574292599962014
30001019,巢湖街M座2008室,114.15250998567518,22.652286914978685
30001020,太原路a座1104室,113.88268416288436,22.677859273604923
30001021,贾街o座1008室,114.03256675592145,22.581185999346264
30001022,许路O座908室,114.15736712711075,22.601452303851474
30001023,佛山街I座2002室,114.25436057943894,22.635795830740463
30001024,唐街Y座1309室,113.91770291215448,22.646008800652933
30001025,班街a座207室,114.14673583236103,22.64484685162228
30001026,张路l座106室,113.99333233457078,22.613199452096836
30001027,张街F座1609室,114.12264584263289,22.67374116182373
30001028,孙路G座1204室,113.92630916510555,22.590733302546198
30001029,彭街r座2007室,114.11283993755876,22.63920777231872
30001030,深圳街h座705室,114.13316538131507,22.640156996555273
30001031,大冶路c座406室,114.08509328187895,22.66341221246915
30001032,马街R座1206室,114.20377761076787,22.613562101967673
30001033,汪路R座1809室,113.94757849881621,22.550513615486068
30001034,齐齐哈尔路x座1606室,113.94679779711426,22.604448703088753
30001035,南宁街C座408室,113.98021762988495,22.586096666778946
30001036,拉萨街Q座1506室,114.27126534032308,22.61378036921642
30001037,兴城街L座2007室,114.0718788174747,22.566705140007585
30001038,孙街m座1006室,114.09669218906468,22.650094705134137
30001039,天津路k座808室,114.1274464198483,22.644462211122235
30001040,南昌街a座1808室,113.95880486584265,22.55136547148831
30001041,侯街F座2002室,114.22510835242603,22.557268012124208
30001042,王路M座509室,114.1954875114158,22.65384862702775
30001043,陈路k座1204室,114.13070308205414,22.61685018797316
30001044,岳路e座206室,114.2473690971007,22.614430617693944
30001045,武汉路v座207室,113.87629095571049,22.563563849611203
30001046,麦街e座1407室,114.05121702718006,22.67383969943953
30001047,林路I座404室,114.14817592039796,22.533420565862432
30001048,银川路T座1106室,113.95082221793152,22.683274407120983
30001049,阜新街G座305室,114.20250897186487,22.57303427336464
30001050,朱街Y座1004室,114.11237831966747,22.680643412037078
30001051,朱街x座102室,114.15764698130056,22.62350553704575
30001052,柳州街p座2009室,114.11962422736235,22.586121388773016
30001053,徐路d座101室,114.22897501025906,22.57106033603793
30001054,沈阳街I座2008室,114.2584450635938,22.672408461950067
30001055,刁街R座2001室,114.10215810555218,22.676053887826324
30001056,潜江路F座701室,114.15111234606348,22.599060963149952
30001057,巢湖街O座607室,114.17754745290719,22.66904470779119
30001058,武汉路Q座409室,114.02947906877598,22.555478230279498
30001059,孔路f座101室,113.86363484539216,22.661967890701053
30001060,兰州路u座1101室,114.22634061641952,22.60436203218104
30001061,王街X座607室,114.17042943468132,22.52466880000991
30001062,赖路F座404室,113.85673315648984,22.67812474553887
30001063,成路j座909室,113.91909475012059,22.560907221898244
30001064,沈阳街v座302室,113.9195449147945,22.640371935136333
30001065,唐街O座104室,114.0269215458517,22.583956998493342
30001066,福州街M座206室,114.10155280988042,22.59029420287352
30001067,北镇路V座1902室,113.8697910932369,22.539091377400737
30001068,东莞街Y座1907室,114.07399285848216,22.52773127415299
30001069,沈阳街c座603室,114.01572925430784,22.52625181233494
30001070,韩路D座509室,114.08785286034005,22.663299356513186
30001071,南宁路Y座1907室,113.91181818758291,22.614429485253293
30001072,成都路w座1502室,114.0174472649828,22.681285705341402
30001073,兴安盟路w座205室,114.26696686792722,22.54282066912413
30001074,李路V座705室,114.00336872044387,22.65163545607176
30001075,重庆街u座1102室,113.93596905791281,22.56510108775097
30001076,邯郸路u座1608室,114.24316553808244,22.59755830361637
30001077,萧街W座1201室,113.89685598149502,22.677708856543813
30001078,哈尔滨街h座1603室,114.02782215650079,22.588087729566627
30001079,太原路k座1101室,113.85787096255638,22.66877282778064
30001080,兴安盟路J座1102室,114.23128417533995,22.610413186143113
30001081,叶路p座2004室,114.06394556377374,22.66847352541487
30001082,高路M座1507室,113.92252990519961,22.586484485515278
30001083,王街r座906室,114.00727606288231,22.643863277838392
30001084,刘街M座806室,114.07178650361891,22.54780248219708
30001085,郑州路e座908室,114.16634023695548,22.680408833793816
30001086,尚街l座705室,113.94420655005509,22.586538591496563
30001087,马路t座1802室,113.95308419998537,22.5683862827595
30001088,通辽街M座1609室,114.23891695408336,22.524632033386823
30001089,梧州路Z座1802室,113.92066940630357,22.6445278166362
30001090,深圳街I座906室,114.13256663095851,22.645379351895045
30001091,梧州路g座1408室,113.96063552549248,22.6179458340175
30001092,北镇路e座409室,113.9809907474015,22.59188779026083
30001093,上海路A座601室,114.15936222668469,22.553185461820956
30001094,孙街l座1906室,114.2302532718626,22.58548341816425
30001095,西宁街L座602室,113.93339749037266,22.61548330799062
30001096,张街Q座702室,114.05183987415114,22.628739943688277
30001097,黄路g座1202室,113.8806370038874,22.58262481075334
30001098,佛山街N座407室,113.94002392171505,22.682519166554364
30001099,福州街N座1007室,114.00937752557572,22.582596765167317
30001100,广州路e座107室,113.94689554791182,22.55062972469275
30001101,宁德路l座2005室,114.10460476474259,22.604461833403818
30001102,淮安路c座806室,113.96651054872773,22.568952709714484
30001103,刘路H座603室,114.24970328280422,22.580484798074902
30001104,齐齐哈尔路s座1903室,113.92193486653164,22.63092812668086
30001105,巢湖街j座1901室,113.99275929692044,22.64297227442769
30001106,谭街d座701室,113.84981132265962,22.67266556494108
30001107,王路b座701室,114.16560283503199,22.523054327428362
30001108,郑路y座206室,113.90374997231334,22.649166494515043
30001109,大冶街u座109室,113.9721260778438,22.57500556515685
30001110,柳州街k座406室,113.97687186233324,22.566063366542636
30001111,北京路X座802室,113.89673871181554,22.598215338801893
30001112,李街h座706室,113.97894890148615,22.555794984109124
30001113,李路J座702室,114.0826841449415,22.549823839839185
30001114,苟路Q座1006室,114.10525393336796,22.623492207487075
30001115,陈路v座803室,113.86649692776808,22.65297251358703
30001116,张街L座104室,114.09219708970485,22.531892931740078
30001117,惠州路i座1305室,113.9526937456707,22.671235841217
30001118,徐路j座704室,113.89440775173988,22.653799323141026
30001119,嘉禾街Z座301室,114.02142884271989,22.53031453269952
30001120,周路q座1507室,114.18636166744058,22.537636323986728
30001121,刘街H座2003室,114.08370864223153,22.676444715002415
30001122,齐齐哈尔路P座1207室,114.05084989194042,22.66478989736126
30001123,北镇路a座608室,113.98997546196142,22.57841829229477
30001124,陆街R座1701室,114.21758406225379,22.672400706415058
30001125,南京街D座1903室,114.07482266320218,22.586756086908004
30001126,佛山路W座703室,114.13916526319551,22.58724811829268
30001127,蒙路X座1208室,113.86078575762033,22.55671296574652
30001128,邓路S座604室,113.944872421529,22.525669863785357
30001129,由街h座1604室,113.88299241902766,22.617430384059826
30001130,西安路K座509室,113.99422228572399,22.661685871825387
30001131,冯街F座802室,113.95103944272094,22.613778910365472
30001132,郭路O座906室,114.16695311283303,22.672789478552875
30001133,唐街w座508室,114.08740194856337,22.554608841571675
30001134,卞街N座1408室,114.14781469355054,22.534653186131703
30001135,李街l座1809室,114.18770962736002,22.543337262187265
30001136,南昌路R座401室,113.86817104383098,22.637938853454965
30001137,齐齐哈尔街o座1104室,113.9938763955368,22.55875279517341
30001138,李路P座1704室,113.89882610739616,22.55046304025061
30001139,沈阳街p座403室,113.96643178664351,22.672987392621586
30001140,陆路e座604室,114.19310901485248,22.628197702362286
30001141,李街c座209室,113.96701241517212,22.601437136733566
30001142,薛路U座1202室,114.0166654038194,22.633280064404254
30001143,沈阳路F座707室,114.02981875345593,22.675581620095624
30001144,赵路a座1404室,113.85986496803982,22.619160049713294
30001145,田街B座1206室,113.86416854575674,22.541258047894278
30001146,太原路E座1002室,114.08361884625953,22.659688651152752
30001147,王路I座402室,113.96837346354155,22.632456364252487
30001148,徐路A座1908室,113.85482860576334,22.59398380358651
30001149,郑州街b座1201室,114.09945149364765,22.673457542914218
30001150,郭路P座1007室,114.18407824823964,22.62378842427454
30001151,李路B座704室,114.11911531758608,22.53476268857293
30001152,济南路s座608室,114.21239828749994,22.65308856962382
30001153,李路I座302室,114.2172746523943,22.555592567164332
30001154,天津街F座1902室,114.23468334973637,22.668471070390858
30001155,长春街H座1201室,114.21905219665884,22.556174437239708
30001156,徐路E座508室,113.87222485490696,22.651756895147802
30001157,武汉街b座1009室,113.99170735416443,22.57970137223128
30001158,宜都路b座1003室,114.09311705125202,22.683426620495407
30001159,北京街q座408室,114.18022695754496,22.609968817220388
30001160,王街e座1206室,114.10214768603991,22.58945614805927
30001161,海门路n座1306室,114.15825840647028,22.565132881282803
30001162,六盘水路j座207室,113.88386223088858,22.682873077077137
30001163,成都路n座905室,114.05964082719363,22.625196290758435
30001164,永安路J座1009室,114.00430331336985,22.57030152846373
30001165,六盘水街S座1404室,114.12136825313803,22.65196966747117
30001166,长春路g座108室,114.14531448962887,22.575427031869772
30001167,陈街V座507室,113.97905266632242,22.525642703206685
30001168,张路q座1408室,114.07869637030366,22.613198938584475
30001169,乌鲁木齐路w座1708室,114.25348773233644,22.597365888064648
30001170,蔡街f座302室,113.95142682363742,22.534917759734924
30001171,高街s座1405室,114.05807065403434,22.67567062849475
30001172,关岭街N座1107室,114.1216446378072,22.637153396817023
30001173,合肥路E座1402室,114.17042425369253,22.54951693667868
30001174,柳州路d座202室,114.1706641178317,22.594554020242818
30001175,哈尔滨路X座802室,114.0878303604234,22.653115372485583
30001176,昆明路B座1107室,113.94876076152563,22.544412852926516
30001177,张家港街n座706室,113.93896547643726,22.599412207540656
30001178,施街C座406室,114.23497192345079,22.548187628635
30001179,阜新街K座301室,113.86536655174439,22.56811401406656
30001180,朱街w座602室,114.25435305055515,22.675839667528333
30001181,澳门路C座1109室,113.91056536239762,22.669287836058658
30001182,胡街r座301室,114.16830718309133,22.678227868091966
30001183,徐路x座1604室,114.09173013812928,22.564423151478056
30001184,陈路e座705室,114.07679116931888,22.68445943495774
30001185,王街x座507室,113.86217718467724,22.610651375486555
30001186,海门街q座1106室,114.21178406884671,22.57162040134554
30001187,嘉禾路I座1605室,114.26800978584951,22.64921712293508
30001188,阜新街e座1603室,114.16314807253426,22.56829263756615
30001189,马鞍山街R座408室,114.10484632396837,22.536011247428288
30001190,李路P座1408室,113.91636929804334,22.67571510948997
30001191,广州路l座308室,113.98509372896741,22.537809943585042
30001192,曹街A座102室,113.86920054908026,22.651754522092137
30001193,冯街r座1606室,114.20509435226133,22.571685037410138
30001194,宁德街Y座1104室,114.19407342768233,22.569731525270576
30001195,东莞路d座308室,113.85548829888994,22.537788065935832
30001196,嘉禾路Z座1503室,114.0788482824729,22.66870876889735
30001197,陈路S座707室,114.0943639127684,22.554604543527176
30001198,江路W座1708室,114.01296636461241,22.686085260174966
30001199,长春街Y座1509室,113.85552421978866,22.54288290059472
30001200,太原路v座1206室,114.11777739667426,22.591154238697513
30001201,张路f座804室,114.22800318775144,22.57759695639894
30001202,苏路t座806室,114.13764937964531,22.5224744398115
30001203,通辽路e座1303室,114.18994805220942,22.619222668251673
30001204,萧街N座509室,114.19752485454464,22.613920957101083
30001205,沈阳街y座604室,114.02679163285028,22.5965738339398
30001206,张路B座601室,114.17622218344208,22.606065998714623
30001207,海口路o座1707室,113.9022818711869,22.56626343395311
30001208,大冶街H座1303室,113.96773082828717,22.596837637221423
30001209,昆明街G座608室,114.00921594450804,22.564786301474157
30001210,陆街b座909室,114.0120818430997,22.611933290058534
30001211,刘街g座1508室,113.98578251107828,22.534108492633443
30001212,武汉路F座1707室,114.09543871585372,22.55803348697139
30001213,刘路v座1809室,114.14961808254357,22.656726430637864
30001214,贵阳路J座208室,113.90295720648024,22.527785435417705
30001215,太原路D座1001室,113.90754434027262,22.6182350538979
30001216,广州街q座509室,114.00121642115326,22.64533803757436
30001217,太原街K座1704室,113.93516853767585,22.57518111328894
30001218,香港路h座506室,114.08010832352973,22.546681829123045
30001219,李街K座803室,114.06105685145222,22.539243260847318
30001220,瞿街X座1408室,114.13354605613253,22.676681979824245
30001221,陈路f座1406室,114.1532365793812,22.569701956157992
30001222,吕街D座2004室,113.9168423785885,22.684611792916996
30001223,东莞路W座404室,114.01062489836315,22.58612930435722
30001224,阜新路F座709室,114.2156126864487,22.590340888552795
30001225,北京街v座1605室,114.01933589761025,22.620378830797087
30001226,潮州街A座1101室,114.01460571700092,22.569087003977153
30001227,西宁街y座2003室,114.16160375516698,22.639191785679316
30001228,王路h座1804室,114.00374286894467,22.569999564553022
30001229,邢路K座1903室,114.09270832363904,22.576915947270507
30001230,华路u座109室,114.1220748331106,22.60592491310365
30001231,高路y座2008室,113.90778684815722,22.677163905120906
30001232,邓路I座1607室,114.09813516952221,22.57476299014545
30001233,周街X座2003室,114.05777892211518,22.54991615203517
30001234,李街R座1606室,113.98111795410746,22.647293490682344
30001235,长沙街c座102室,113.85769260643636,22.601634920530998
30001236,郑州路x座1706室,113.88285159918546,22.67678656858622
30001237,杭州路j座1006室,114.05535398031732,22.528368268754
30001238,高街k座1807室,113.92566770317144,22.629660394151706
30001239,成都路Y座1206室,113.8886114397013,22.668735995883768
30001240,北镇街v座301室,114.15905072176339,22.600829851899757
30001241,杭州路L座709室,114.25715999709085,22.587535072140945
30001242,张街I座602室,114.1225966445971,22.59952961293567
30001243,兰州路g座902室,114.02335500007186,22.595862568458696
30001244,长春街J座1106室,114.06285507422898,22.6748088894278
30001245,李街p座501室,114.18132009477957,22.522409298614622
30001246,汕尾路S座706室,114.09839521663056,22.561770630552385
30001247,宁德路a座1403室,114.21086611490159,22.64314578375024
30001248,徐路q座802室,114.0332644557725,22.626295619582127
30001249,杨路s座703室,114.18706732813142,22.659765704823673
30001250,晏街m座2002室,114.26945969729333,22.562867147914684
30001251,郑州街U座2006室,113.85899120922495,22.640655868314255
30001252,乌鲁木齐街W座1608室,113.8539741593588,22.57676481298797
30001253,王街r座1006室,114.16204028509972,22.610204355779835
30001254,天津路v座501室,114.2134995465511,22.650664199812663
30001255,兴安盟路O座303室,114.09778810973371,22.603047300084242
30001256,关岭路C座1206室,114.0414953564116,22.56260965484154
30001257,林路e座1407室,114.11047224085965,22.684497873257257
30001258,长沙路k座305室,114.26700499507415,22.683698228708383
30001259,王街Z座1503室,113.94615779177043,22.582417066825116
30001260,刘路A座606室,114.06085839032981,22.627910925395362
30001261,巢湖街S座1104室,113.99126495358182,22.534596893905693
30001262,六盘水街g座2001室,114.0913048082819,22.682495602120728
30001263,赵街E座608室,113.9566034235835,22.609066883971455
30001264,王路y座607室,114.1623184511562,22.662332737140797
30001265,北京路u座2004室,114.12677005299298,22.586126026725864
30001266,丁街J座1207室,114.2554186862048,22.579427529943295
30001267,齐齐哈尔街i座707室,114.12768729485711,22.542428948531715
30001268,上海路O座703室,114.23458007281563,22.529688565590007
30001269,北京街q座704室,114.22038979162119,22.674975887084365
30001270,潮州街E座1005室,114.09106009732157,22.653618551955326
30001271,刘路p座2003室,113.92559344029371,22.608027183428323
30001272,吴路g座208室,114.13628363162228,22.586003841284576
30001273,覃路Q座1803室,113.90828194869896,22.624843726117653
30001274,长春街K座1805室,114.14814279757726,22.655874323745405
30001275,龙路A座1108室,114.06804148836551,22.588471009643165
30001276,郝路O座1105室,113.95282800698702,22.668057213060177
30001277,阜新街A座206室,113.93915456111816,22.63148348255649
30001278,李路p座1207室,113.91269786588244,22.574236100430902
30001279,吴街V座1402室,114.08177097679759,22.611003008394082
30001280,黄路m座106室,114.128622374242,22.591947086670697
30001281,程街F座1803室,113.93977108173904,22.618373606883804
30001282,南昌街g座1503室,113.91199953032014,22.63544670637695
30001283,马鞍山街n座1704室,114.193360135546,22.666541913895585
30001284,佛山街e座104室,114.24605731809716,22.53276119389747
30001285,荆门街N座702室,114.19364162836828,22.63693392966953
30001286,兴安盟路t座604室,113.92435850726245,22.63044864843667
30001287,张街Q座1307室,114.14670140092251,22.634049336101967
30001288,樊街b座1901室,114.27014632073156,22.546787890162484
30001289,金街Z座805室,114.00430809030217,22.67553902461175
30001290,永安街j座1509室,114.09994383784115,22.588548527081226
30001291,永安路j座1905室,114.09077657587015,22.54170860178926
30001292,秦路H座901室,114.1596562107116,22.554281601396834
30001293,苏街w座1106室,114.05784343549524,22.66052706672894
30001294,福州街r座1803室,114.22068359685746,22.668427958251762
30001295,张街P座104室,114.16688778413504,22.60216197377955
30001296,济南街s座803室,114.05362741723366,22.523159260901085
30001297,贵阳路s座306室,114.24562333031504,22.56621049690039
30001298,谢街r座804室,114.25155760405545,22.62558362602397
30001299,兰州街E座1101室,114.23082552967219,22.656041415414474
30001300,丁街m座1904室,114.12208403277951,22.542526077932155
30001301,李街u座306室,114.03444261787809,22.664747280980023
30001302,雷路s座705室,114.16338188100332,22.54649530033337
30001303,王路n座1804室,113.99993587167907,22.64769674082129
30001304,呼和浩特街a座503室,114.22834798511212,22.6179914905053
30001305,黄路m座1808室,113.86680715779012,22.555982438318374
30001306,永安路V座1107室,113.91391277038932,22.61479461415326
30001307,张路i座101室,114.03861713006484,22.588087524805545
30001308,香港街n座1103室,114.15681180365243,22.52757327789074
30001309,李街T座1906室,113.95710772847362,22.66035673549827
30001310,西宁路w座1208室,113.9266865724436,22.591815250604558
30001311,大冶街y座1508室,114.25313039390883,22.684301478408152
30001312,任路n座1208室,114.18455411075425,22.604850766580896
30001313,佛山路a座1602室,114.18183472067032,22.668346384136687
30001314,宁德路k座406室,113.94634359364764,22.541497840373868
30001315,马鞍山路D座1109室,114.1149625832401,22.60936015004539
30001316,潜江路w座1106室,113.94802417019963,22.585178776880156
30001317,刘街C座1302室,114.2037462986249,22.63607635726284
30001318,贵阳街P座403室,114.09102760194482,22.58297470152969
30001319,张家港街n座403室,114.12679819725464,22.548481642604767
30001320,吴路I座1005室,113.9237776151003,22.574850788196986
