2019050001,1639,2019-05-12,20,1702,2019-01-03,12
2019050002,1800,2019-05-06,10,3045,2019-02-05,8
2019050003,1171,2019-05-09,20,1005,2019-04-25,1
2019050004,1560,2019-05-14,30,2621,2019-02-12,1
2019050005,2960,2019-05-12,30,3598,2019-04-06,4
2019050006,1221,2019-05-10,30,3194,2019-03-08,3
2019050007,1723,2019-05-08,30,1139,2019-02-07,10
2019050008,1464,2019-05-04,10,2661,2019-01-13,7
2019050009,2506,2019-05-05,10,2295,2019-03-10,8
2019050010,1489,2019-05-16,30,3351,2019-01-19,6
2019050011,1109,2019-05-04,10,1037,2019-01-06,9
2019050012,2211,2019-05-07,10,3215,2019-02-05,3
2019050013,1645,2019-05-19,20,1469,2019-01-10,8
2019050014,1376,2019-05-02,30,1637,2019-04-04,9
2019050015,1477,2019-05-19,10,2343,2019-01-24,3
2019050016,1632,2019-05-06,20,1168,2019-02-02,8
2019050017,1794,2019-05-04,20,1938,2019-01-02,7
2019050018,1303,2019-05-13,20,2743,2019-01-11,8
2019050019,1485,2019-05-02,30,2574,2019-01-06,6
2019050020,2418,2019-05-08,30,2924,2019-04-05,5
2019050021,2157,2019-05-07,20,2842,2019-02-08,9
2019050022,2820,2019-05-06,20,3026,2019-03-07,7
2019050023,1749,2019-05-04,10,3044,2019-01-25,9
2019050024,1656,2019-05-01,20,1671,2019-02-12,11
2019050025,1682,2019-05-05,30,1936,2019-03-23,1
2019050026,2409,2019-05-16,10,2060,2019-03-28,7
2019050027,2476,2019-05-01,30,3563,2019-03-05,11
2019050028,1791,2019-05-17,30,1052,2019-01-03,6
2019050029,1559,2019-05-15,10,2619,2019-04-15,8
2019050030,2282,2019-05-05,20,1015,2019-02-11,11
2019050031,1943,2019-05-09,30,1797,2019-01-07,5
2019050032,2168,2019-05-07,30,2395,2019-01-09,1
2019050033,1931,2019-05-13,10,2286,2019-03-06,2
2019050034,2487,2019-05-16,10,1939,2019-04-09,12
2019050035,2796,2019-05-17,30,2085,2019-02-19,7
2019050036,2581,2019-05-03,30,2865,2019-03-16,10
2019050037,2265,2019-05-02,30,2029,2019-02-03,4
2019050038,1016,2019-05-08,10,2293,2019-03-10,7
2019050039,1522,2019-05-03,30,3488,2019-04-09,11
2019050040,1260,2019-05-06,30,2178,2019-04-20,9
2019050041,2429,2019-05-07,10,1326,2019-03-10,12
2019050042,1389,2019-05-05,10,3129,2019-01-26,12
2019050043,2986,2019-05-16,30,3333,2019-02-22,12
2019050044,1721,2019-05-03,10,1214,2019-04-13,2
2019050045,2521,2019-05-17,20,1678,2019-03-06,2
2019050046,1927,2019-05-18,10,3567,2019-04-18,5
2019050047,1346,2019-05-10,30,2768,2019-02-27,10
2019050048,1701,2019-05-04,10,2035,2019-02-12,10
2019050049,2470,2019-05-08,10,1112,2019-02-24,11
2019050050,1662,2019-05-08,20,2940,2019-03-04,12
2019050051,1253,2019-05-04,20,1684,2019-04-25,1
2019050052,1865,2019-05-14,10,1472,2019-04-14,3
2019050053,1712,2019-05-13,20,1075,2019-02-18,5
2019050054,2152,2019-05-12,30,2861,2019-01-13,10
2019050055,2715,2019-05-16,10,1111,2019-03-27,7
2019050056,1681,2019-05-14,10,1332,2019-03-04,7
2019050057,2321,2019-05-02,10,2388,2019-04-08,12
2019050058,2707,2019-05-13,10,1329,2019-02-07,10
2019050059,2336,2019-05-05,20,2781,2019-01-26,8
2019050060,2280,2019-05-07,10,1408,2019-03-01,8
2019050061,1584,2019-05-14,10,1399,2019-01-03,5
2019050062,1303,2019-05-06,20,1120,2019-04-03,11
2019050063,1838,2019-05-11,30,2858,2019-02-09,2
2019050064,2422,2019-05-12,10,1346,2019-03-08,12
2019050065,2034,2019-05-11,20,2175,2019-04-06,10
2019050066,1081,2019-05-02,30,1851,2019-02-05,8
2019050067,2346,2019-05-12,30,1470,2019-03-06,7
2019050068,2233,2019-05-05,10,2401,2019-01-02,6
2019050069,1230,2019-05-07,30,1817,2019-03-02,5
2019050070,2693,2019-05-01,20,3258,2019-04-13,1
2019050071,1643,2019-05-16,20,2086,2019-02-04,12
2019050072,2824,2019-05-02,20,1252,2019-02-06,1
2019050073,2911,2019-05-09,30,2756,2019-02-28,4
2019050074,1215,2019-05-07,30,2876,2019-03-03,11
2019050075,1535,2019-05-06,20,1973,2019-03-06,7
2019050076,1373,2019-05-18,30,1682,2019-04-10,8
2019050077,1761,2019-05-07,20,3049,2019-04-05,9
2019050078,2956,2019-05-02,20,1730,2019-02-02,5
2019050079,2600,2019-05-09,10,3572,2019-03-07,12
2019050080,2315,2019-05-12,10,3587,2019-03-18,10
2019050081,1869,2019-05-01,30,2406,2019-02-13,7
2019050082,1236,2019-05-16,30,1017,2019-01-09,4
2019050083,1461,2019-05-17,30,2743,2019-02-06,5
2019050084,1462,2019-05-01,30,1190,2019-03-26,5
2019050085,2426,2019-05-15,20,1060,2019-01-03,9
2019050086,2755,2019-05-11,20,1305,2019-03-13,12
2019050087,1823,2019-05-04,20,2004,2019-03-09,12
2019050088,2232,2019-05-12,20,1729,2019-03-03,10
2019050089,2642,2019-05-02,30,3022,2019-03-26,12
2019050090,1684,2019-05-02,30,2756,2019-04-25,7
2019050091,2231,2019-05-08,10,1472,2019-02-01,1
2019050092,1821,2019-05-08,30,1935,2019-01-20,7
2019050093,2566,2019-05-04,20,3258,2019-01-05,1
2019050094,2804,2019-05-02,10,3126,2019-03-15,11
2019050095,1639,2019-05-06,30,1743,2019-03-15,5
2019050096,1923,2019-05-11,20,3048,2019-02-07,2
2019050097,1061,2019-05-03,30,3068,2019-04-03,5
2019050098,2647,2019-05-12,20,3436,2019-04-11,6
2019050099,2737,2019-05-03,20,2016,2019-04-03,2
2019050100,2575,2019-05-12,10,3551,2019-02-26,4
2019050101,2331,2019-05-09,10,2819,2019-02-06,11
2019050102,1022,2019-05-11,10,1957,2019-02-25,12
2019050103,2900,2019-05-01,10,3498,2019-02-19,9
2019050104,1324,2019-05-19,30,1669,2019-02-26,1
2019050105,2647,2019-05-01,20,2222,2019-02-20,3
2019050106,2573,2019-05-08,30,1370,2019-04-01,6
2019050107,2049,2019-05-11,20,1256,2019-04-04,10
2019050108,2570,2019-05-17,10,2890,2019-02-01,3
2019050109,1550,2019-05-10,20,1335,2019-03-01,9
2019050110,2494,2019-05-06,10,1776,2019-02-03,9
2019050111,2714,2019-05-08,10,2695,2019-03-22,3
2019050112,1773,2019-05-15,10,2041,2019-01-25,3
2019050113,2228,2019-05-08,30,1162,2019-01-25,10
2019050114,1549,2019-05-02,10,2083,2019-03-25,7
2019050115,1920,2019-05-03,30,1716,2019-02-15,4
2019050116,2028,2019-05-16,20,3304,2019-02-24,6
2019050117,2336,2019-05-07,20,2585,2019-02-01,1
2019050118,2533,2019-05-06,30,2164,2019-02-05,7
2019050119,2061,2019-05-06,20,2775,2019-01-28,12
2019050120,2136,2019-05-17,20,2669,2019-01-05,12
2019050121,1599,2019-05-16,20,1528,2019-02-09,7
2019050122,1582,2019-05-01,10,2649,2019-03-07,9
2019050123,2417,2019-05-07,10,1384,2019-01-15,12
2019050124,1070,2019-05-08,30,2402,2019-04-03,2
2019050125,1799,2019-05-03,10,2608,2019-02-27,7
2019050126,2929,2019-05-10,20,3101,2019-02-07,8
2019050127,2888,2019-05-15,30,2919,2019-02-07,10
2019050128,2551,2019-05-06,10,1670,2019-01-04,6
2019050129,2029,2019-05-07,10,1089,2019-03-17,9
2019050130,2530,2019-05-16,20,1756,2019-04-05,11
2019050131,2404,2019-05-01,30,1025,2019-01-03,5
2019050132,2467,2019-05-14,20,1734,2019-04-06,1
2019050133,2499,2019-05-01,10,1364,2019-01-16,7
2019050134,1573,2019-05-05,10,2928,2019-02-13,8
2019050135,1632,2019-05-18,10,3147,2019-04-22,8
2019050136,2363,2019-05-10,20,2584,2019-02-07,10
2019050137,2501,2019-05-05,20,1027,2019-01-09,5
2019050138,2930,2019-05-04,20,1498,2019-03-26,12
2019050139,2691,2019-05-05,20,1949,2019-04-05,6
2019050140,1901,2019-05-19,20,1108,2019-04-05,7
2019050141,2500,2019-05-05,10,3246,2019-01-07,8
2019050142,2865,2019-05-04,10,1453,2019-04-14,10
2019050143,2421,2019-05-17,10,3361,2019-03-12,9
2019050144,1492,2019-05-11,20,2297,2019-04-25,2
2019050145,1791,2019-05-08,30,3333,2019-01-28,4
2019050146,1231,2019-05-01,10,1628,2019-03-18,12
2019050147,1553,2019-05-19,30,1556,2019-01-24,12
2019050148,2146,2019-05-19,30,1675,2019-01-01,2
2019050149,2212,2019-05-17,20,2110,2019-01-13,9
2019050150,2624,2019-05-11,10,3225,2019-02-13,11
2019050151,1869,2019-05-01,30,2805,2019-04-27,7
2019050152,1334,2019-05-04,20,1046,2019-04-04,7
2019050153,2363,2019-05-06,10,1008,2019-04-03,7
2019050154,1641,2019-05-03,20,3403,2019-03-11,2
2019050155,1891,2019-05-12,20,3280,2019-01-24,12
2019050156,1703,2019-05-18,10,1430,2019-01-01,2
2019050157,2622,2019-05-16,20,2454,2019-01-03,9
2019050158,1747,2019-05-15,20,2989,2019-03-03,12
2019050159,1301,2019-05-19,30,1355,2019-02-03,7
2019050160,1840,2019-05-19,30,2671,2019-04-09,8
2019050161,2738,2019-05-05,30,1223,2019-02-15,4
2019050162,2371,2019-05-08,10,2852,2019-04-02,3
2019050163,2555,2019-05-18,20,1101,2019-02-07,5
2019050164,2623,2019-05-02,30,1342,2019-03-12,2
2019050165,2201,2019-05-03,30,2869,2019-01-02,4
2019050166,1732,2019-05-15,30,1123,2019-03-14,4
2019050167,2959,2019-05-12,30,2172,2019-03-08,6
2019050168,1032,2019-05-05,10,1426,2019-01-16,4
2019050169,1336,2019-05-17,10,1730,2019-01-06,7
2019050170,2437,2019-05-02,30,2932,2019-04-07,1
2019050171,2817,2019-05-04,30,2142,2019-02-24,2
2019050172,1779,2019-05-19,10,2435,2019-01-05,8
2019050173,1060,2019-05-16,10,3518,2019-04-17,7
2019050174,2716,2019-05-03,30,3183,2019-03-05,5
2019050175,2062,2019-05-19,30,2064,2019-04-01,2
2019050176,1161,2019-05-10,20,3085,2019-01-03,1
2019050177,1257,2019-05-14,20,3437,2019-04-24,10
2019050178,1916,2019-05-13,10,3589,2019-04-24,11
2019050179,2848,2019-05-12,20,1126,2019-03-28,6
2019050180,1449,2019-05-09,10,2722,2019-02-20,9
2019050181,1790,2019-05-05,30,2404,2019-04-13,4
2019050182,1776,2019-05-05,10,2297,2019-01-27,6
2019050183,2447,2019-05-02,10,3095,2019-03-01,12
2019050184,2694,2019-05-03,20,1165,2019-03-04,10
2019050185,1037,2019-05-06,30,1029,2019-01-06,3
2019050186,1431,2019-05-07,30,2854,2019-03-20,5
2019050187,2248,2019-05-11,20,1212,2019-01-08,3
2019050188,2455,2019-05-09,20,3597,2019-04-02,7
2019050189,1976,2019-05-12,20,2637,2019-02-01,4
2019050190,1094,2019-05-18,30,2194,2019-01-02,8
2019050191,1290,2019-05-18,10,3414,2019-04-06,8
2019050192,2169,2019-05-12,20,1206,2019-04-15,2
2019050193,1593,2019-05-01,20,1280,2019-01-23,6
2019050194,1731,2019-05-14,10,2301,2019-03-01,4
2019050195,1618,2019-05-15,30,1116,2019-04-21,4
2019050196,2516,2019-05-09,10,3405,2019-03-09,9
2019050197,2272,2019-05-09,10,3544,2019-01-01,11
2019050198,2581,2019-05-01,10,1884,2019-01-21,8
2019050199,1116,2019-05-19,20,1220,2019-04-28,4
2019050200,1847,2019-05-19,30,1234,2019-04-01,5
2019050201,1960,2019-05-03,10,2775,2019-01-15,8
2019050202,1305,2019-05-10,10,2335,2019-02-07,8
2019050203,2199,2019-05-15,20,1816,2019-01-01,3
2019050204,2681,2019-05-05,10,1679,2019-04-05,12
2019050205,1470,2019-05-03,30,1443,2019-02-23,12
2019050206,2025,2019-05-06,20,2483,2019-03-06,5
2019050207,2755,2019-05-08,20,3284,2019-02-16,8
2019050208,1636,2019-05-10,30,2321,2019-03-04,9
2019050209,2067,2019-05-15,30,1604,2019-02-14,11
2019050210,1268,2019-05-04,10,2195,2019-01-21,8
2019050211,2080,2019-05-09,30,2227,2019-02-20,4
2019050212,2659,2019-05-06,10,2837,2019-03-03,5
2019050213,2018,2019-05-06,20,3288,2019-01-03,4
2019050214,2610,2019-05-09,30,1866,2019-02-01,7
2019050215,2245,2019-05-03,10,3376,2019-04-23,2
2019050216,2619,2019-05-09,30,1223,2019-02-26,10
2019050217,2274,2019-05-06,10,2328,2019-04-05,9
2019050218,2598,2019-05-02,20,2324,2019-03-20,6
2019050219,1667,2019-05-11,20,2092,2019-01-01,3
2019050220,1943,2019-05-16,20,3174,2019-02-04,8
2019050221,1499,2019-05-07,20,3459,2019-04-06,10
2019050222,2943,2019-05-02,10,3134,2019-03-04,8
2019050223,2546,2019-05-11,20,2791,2019-01-05,3
2019050224,1722,2019-05-02,30,2454,2019-03-04,7
2019050225,2086,2019-05-15,20,1900,2019-04-21,2
2019050226,1243,2019-05-03,20,2355,2019-04-03,6
2019050227,1420,2019-05-01,10,1193,2019-02-07,6
2019050228,2744,2019-05-01,30,3222,2019-04-05,7
2019050229,2132,2019-05-14,10,3510,2019-03-25,11
2019050230,1029,2019-05-15,10,2056,2019-04-14,1
2019050231,1816,2019-05-14,10,2614,2019-04-27,8
2019050232,2852,2019-05-19,20,1862,2019-02-02,9
2019050233,2472,2019-05-06,10,1433,2019-04-28,7
2019050234,2239,2019-05-01,20,1902,2019-02-13,2
2019050235,1815,2019-05-16,30,1720,2019-03-07,2
2019050236,1398,2019-05-05,20,2371,2019-01-15,7
2019050237,1417,2019-05-09,20,2491,2019-04-27,5
2019050238,1070,2019-05-03,20,2402,2019-04-26,7
2019050239,2021,2019-05-02,30,1389,2019-03-26,7
2019050240,1335,2019-05-19,30,1447,2019-03-24,5
2019050241,2791,2019-05-19,10,2676,2019-04-09,6
2019050242,1232,2019-05-03,30,1695,2019-01-17,1
2019050243,1177,2019-05-03,10,2726,2019-02-01,4
2019050244,2078,2019-05-08,30,3264,2019-04-04,6
2019050245,2461,2019-05-07,10,1031,2019-02-02,3
2019050246,1001,2019-05-09,30,1336,2019-03-17,9
2019050247,1006,2019-05-08,30,2896,2019-03-02,2
2019050248,1937,2019-05-12,10,2919,2019-03-02,4
2019050249,2714,2019-05-19,30,2318,2019-04-19,9
2019050250,2471,2019-05-06,20,1261,2019-01-01,2
2019050251,2973,2019-05-14,20,2742,2019-03-23,12
2019050252,1041,2019-05-06,20,1266,2019-02-14,12
2019050253,1011,2019-05-09,30,1583,2019-03-05,2
2019050254,2822,2019-05-18,20,2379,2019-01-04,1
2019050255,1256,2019-05-05,30,2944,2019-01-06,2
2019050256,1007,2019-05-17,30,3486,2019-02-26,10
2019050257,1689,2019-05-14,10,2480,2019-04-07,1
2019050258,1096,2019-05-01,30,1914,2019-01-19,4
2019050259,1675,2019-05-03,20,2640,2019-03-04,8
2019050260,2930,2019-05-13,20,1354,2019-01-04,12
2019050261,1482,2019-05-09,10,1348,2019-01-26,6
2019050262,1685,2019-05-01,30,2990,2019-04-04,10
2019050263,1179,2019-05-16,20,1410,2019-01-27,6
2019050264,1187,2019-05-09,10,3256,2019-02-16,4
2019050265,2549,2019-05-13,30,2981,2019-03-17,9
2019050266,2454,2019-05-13,20,2665,2019-04-22,6
2019050267,2493,2019-05-04,30,2786,2019-02-07,1
2019050268,2457,2019-05-05,20,2804,2019-02-25,10
2019050269,1219,2019-05-11,20,1434,2019-04-24,8
2019050270,2780,2019-05-02,30,3155,2019-04-23,11
2019050271,2957,2019-05-07,20,2598,2019-04-04,12
2019050272,2710,2019-05-06,10,2971,2019-01-25,2
2019050273,1723,2019-05-16,10,2693,2019-03-01,11
2019050274,2483,2019-05-11,10,2592,2019-03-06,6
2019050275,2778,2019-05-03,20,1033,2019-04-01,7
2019050276,1310,2019-05-13,30,1812,2019-03-05,5
2019050277,1508,2019-05-11,30,3021,2019-02-16,11
2019050278,2847,2019-05-16,20,2145,2019-01-13,3
2019050279,1344,2019-05-17,30,1739,2019-02-08,6
2019050280,1731,2019-05-15,10,1271,2019-01-02,7
2019050281,2896,2019-05-02,30,1444,2019-01-09,3
2019050282,2492,2019-05-08,10,1738,2019-04-05,11
2019050283,1477,2019-05-10,20,2559,2019-03-01,8
2019050284,2435,2019-05-09,10,3198,2019-01-12,7
2019050285,1913,2019-05-01,10,1208,2019-03-19,2
2019050286,2751,2019-05-07,10,2632,2019-04-17,6
2019050287,1756,2019-05-09,20,1120,2019-02-03,7
2019050288,2770,2019-05-05,30,1055,2019-03-24,4
2019050289,2862,2019-05-01,10,3483,2019-04-10,9
2019050290,2758,2019-05-10,20,1406,2019-03-07,7
2019050291,1014,2019-05-14,30,3573,2019-02-09,11
2019050292,1272,2019-05-02,10,2599,2019-04-06,7
2019050293,1625,2019-05-17,20,3081,2019-01-27,4
2019050294,1357,2019-05-17,30,3083,2019-01-09,7
2019050295,2392,2019-05-14,20,2363,2019-01-12,5
2019050296,2306,2019-05-07,30,2723,2019-01-03,12
2019050297,1283,2019-05-09,10,3181,2019-01-02,7
2019050298,2723,2019-05-14,20,2848,2019-02-11,1
2019050299,1273,2019-05-09,30,1182,2019-01-05,2
2019050300,1812,2019-05-06,20,2310,2019-01-20,6
2019050301,2355,2019-05-14,10,2654,2019-01-26,5
2019050302,1135,2019-05-04,30,1234,2019-03-22,11
2019050303,2752,2019-05-18,20,1571,2019-01-13,11
2019050304,1634,2019-05-06,30,2677,2019-02-15,1
2019050305,2636,2019-05-11,10,3573,2019-01-04,9
2019050306,1947,2019-05-09,20,2460,2019-02-19,8
2019050307,1499,2019-05-15,10,2219,2019-04-03,2
2019050308,2850,2019-05-18,30,2797,2019-02-25,10
2019050309,1694,2019-05-16,10,2224,2019-01-28,7
2019050310,2196,2019-05-18,10,2229,2019-02-23,5
2019050311,1231,2019-05-06,10,3498,2019-03-22,4
2019050312,2011,2019-05-11,30,3219,2019-04-06,1
2019050313,2020,2019-05-01,20,2080,2019-04-24,5
2019050314,1895,2019-05-11,30,1178,2019-03-18,11
2019050315,2795,2019-05-13,20,1145,2019-03-06,5
2019050316,1783,2019-05-11,30,1552,2019-02-09,2
2019050317,2917,2019-05-16,20,1241,2019-02-15,5
2019050318,1491,2019-05-10,20,3102,2019-04-24,12
2019050319,1445,2019-05-18,30,2309,2019-01-03,5
2019050320,1290,2019-05-17,30,3573,2019-01-28,10
2019050321,1728,2019-05-09,20,1146,2019-01-18,3
2019050322,1066,2019-05-01,20,2173,2019-04-22,3
2019050323,1858,2019-05-14,20,1074,2019-03-02,2
2019050324,1455,2019-05-15,30,1792,2019-03-04,11
2019050325,2848,2019-05-04,20,1324,2019-04-25,8
2019050326,1266,2019-05-15,30,2851,2019-03-03,9
2019050327,1378,2019-05-16,30,2517,2019-01-02,3
2019050328,2483,2019-05-17,30,2970,2019-03-07,11
2019050329,2214,2019-05-05,10,3170,2019-03-27,1
2019050330,2105,2019-05-10,20,3435,2019-04-13,1
2019050331,2321,2019-05-02,30,3291,2019-03-04,8
2019050332,2386,2019-05-17,30,1158,2019-02-15,6
2019050333,2887,2019-05-02,10,2550,2019-02-05,2
2019050334,2932,2019-05-01,10,3367,2019-02-05,4
2019050335,1060,2019-05-17,10,2521,2019-03-12,8
2019050336,2327,2019-05-16,30,3065,2019-04-17,8
2019050337,2748,2019-05-07,20,2338,2019-03-27,3
2019050338,2698,2019-05-10,10,2083,2019-03-04,5
2019050339,1676,2019-05-15,20,1701,2019-02-25,8
2019050340,1387,2019-05-16,20,2254,2019-03-01,3
2019050341,1230,2019-05-11,20,3486,2019-01-09,7
2019050342,2783,2019-05-02,10,1070,2019-04-06,12
2019050343,2397,2019-05-01,30,1797,2019-03-09,3
2019050344,1267,2019-05-10,30,2539,2019-02-16,11
2019050345,2071,2019-05-04,30,1495,2019-02-04,2
2019050346,1848,2019-05-09,10,3222,2019-04-08,7
2019050347,1278,2019-05-10,10,1103,2019-04-07,3
2019050348,2537,2019-05-13,20,2196,2019-04-07,11
2019050349,2455,2019-05-13,30,1297,2019-01-05,2
2019050350,2601,2019-05-14,20,1060,2019-01-05,7
2019050351,2516,2019-05-19,30,1879,2019-03-01,12
2019050352,1867,2019-05-01,10,2381,2019-02-07,3
2019050353,2475,2019-05-06,30,3206,2019-01-22,3
2019050354,2241,2019-05-19,10,1952,2019-04-03,7
2019050355,1180,2019-05-09,20,1446,2019-01-05,8
2019050356,1634,2019-05-19,10,3464,2019-04-27,5
2019050357,2445,2019-05-05,30,1327,2019-02-24,3
2019050358,2326,2019-05-10,30,3064,2019-01-04,8
2019050359,1229,2019-05-02,20,2873,2019-01-02,7
2019050360,1642,2019-05-11,20,2998,2019-03-02,6
2019050361,2759,2019-05-04,10,1452,2019-03-06,7
2019050362,2821,2019-05-13,10,2998,2019-03-03,3
2019050363,1488,2019-05-19,30,2171,2019-02-20,1
2019050364,1153,2019-05-01,20,1113,2019-03-13,12
2019050365,1612,2019-05-02,10,3170,2019-03-02,6
2019050366,2938,2019-05-03,30,1253,2019-04-06,10
2019050367,2339,2019-05-07,20,1545,2019-03-28,2
2019050368,1789,2019-05-15,30,1950,2019-03-25,4
2019050369,2904,2019-05-01,10,2331,2019-01-04,5
2019050370,2490,2019-05-04,30,1587,2019-03-02,5
2019050371,1696,2019-05-14,30,2404,2019-04-12,10
2019050372,1861,2019-05-16,10,1936,2019-03-03,1
2019050373,1589,2019-05-01,10,1489,2019-02-24,8
2019050374,1354,2019-05-06,30,3531,2019-03-03,11
2019050375,2940,2019-05-18,30,1784,2019-02-08,1
2019050376,2496,2019-05-07,30,3156,2019-03-02,9
2019050377,2035,2019-05-02,10,2629,2019-04-17,12
2019050378,2198,2019-05-13,10,3339,2019-01-24,11
2019050379,1226,2019-05-17,10,2774,2019-04-09,2
2019050380,1716,2019-05-07,10,2184,2019-03-09,8
2019050381,1256,2019-05-10,30,2172,2019-02-11,6
2019050382,2563,2019-05-07,20,3097,2019-03-09,9
2019050383,1625,2019-05-08,30,3044,2019-02-17,4
2019050384,1250,2019-05-02,10,2503,2019-04-22,7
2019050385,2124,2019-05-16,20,1143,2019-03-08,6
2019050386,2074,2019-05-09,30,1334,2019-01-09,6
2019050387,2174,2019-05-03,30,3100,2019-01-01,10
2019050388,2844,2019-05-09,30,1742,2019-04-01,12
2019050389,1721,2019-05-08,10,2282,2019-01-21,9
2019050390,1656,2019-05-09,30,1695,2019-03-06,9
2019050391,2605,2019-05-02,30,2829,2019-03-25,10
2019050392,2052,2019-05-14,30,2651,2019-03-06,12
2019050393,1721,2019-05-15,10,2203,2019-03-09,6
2019050394,1619,2019-05-11,10,1475,2019-02-17,10
2019050395,1243,2019-05-03,30,2765,2019-03-09,8
2019050396,1697,2019-05-06,10,3570,2019-02-23,4
2019050397,2305,2019-05-15,30,1159,2019-03-17,11
2019050398,1158,2019-05-01,30,1885,2019-03-23,6
2019050399,1468,2019-05-06,20,1235,2019-03-15,8
2019050400,2899,2019-05-05,30,2494,2019-04-15,10
2019050401,1647,2019-05-11,10,2743,2019-03-09,7
2019050402,1308,2019-05-16,20,1992,2019-01-04,1
2019050403,2275,2019-05-11,30,1227,2019-04-17,6
2019050404,2674,2019-05-15,20,2764,2019-02-15,6
2019050405,2792,2019-05-19,30,3182,2019-02-02,4
2019050406,2533,2019-05-18,10,1870,2019-04-16,9
2019050407,2836,2019-05-01,30,2475,2019-03-15,2
2019050408,2350,2019-05-16,10,3276,2019-03-17,7
2019050409,1599,2019-05-13,10,2175,2019-03-01,7
2019050410,1415,2019-05-01,30,1182,2019-02-04,10
2019050411,1555,2019-05-13,30,2999,2019-02-24,5
2019050412,1759,2019-05-05,30,3038,2019-01-24,9
2019050413,1330,2019-05-15,30,1035,2019-03-09,10
2019050414,1946,2019-05-13,10,3396,2019-03-01,2
2019050415,2181,2019-05-09,30,2596,2019-01-05,11
2019050416,1538,2019-05-17,10,2838,2019-01-01,11
2019050417,1701,2019-05-02,30,3336,2019-02-05,9
2019050418,1428,2019-05-03,20,3171,2019-04-07,7
2019050419,3000,2019-05-19,10,2536,2019-03-03,12
2019050420,2458,2019-05-05,30,1241,2019-02-09,8
2019050421,1463,2019-05-05,20,3213,2019-04-15,8
2019050422,1226,2019-05-01,20,3198,2019-03-22,3
2019050423,1963,2019-05-03,10,3468,2019-02-21,10
2019050424,2054,2019-05-02,10,2860,2019-02-20,7
2019050425,1520,2019-05-07,10,2659,2019-03-14,12
2019050426,1414,2019-05-18,10,2389,2019-01-03,10
2019050427,2036,2019-05-16,30,1315,2019-03-27,3
2019050428,2798,2019-05-01,10,2322,2019-03-15,10
2019050429,1309,2019-05-09,10,1494,2019-02-24,2
2019050430,2047,2019-05-02,10,3585,2019-01-05,1
2019050431,2661,2019-05-11,30,1410,2019-04-19,2
2019050432,2835,2019-05-02,10,2280,2019-04-09,12
2019050433,2151,2019-05-15,30,3049,2019-04-06,10
2019050434,1027,2019-05-07,10,2286,2019-03-12,1
2019050435,2423,2019-05-16,10,2623,2019-01-08,7
2019050436,2484,2019-05-19,30,3345,2019-02-24,4
2019050437,1056,2019-05-18,10,1127,2019-03-12,7
2019050438,1444,2019-05-01,20,2737,2019-01-10,7
2019050439,2082,2019-05-18,30,1638,2019-04-22,2
2019050440,1139,2019-05-11,30,2894,2019-03-21,5
2019050441,2673,2019-05-09,10,2414,2019-02-12,12
2019050442,1731,2019-05-14,20,1439,2019-03-08,11
2019050443,1541,2019-05-19,10,3368,2019-01-05,11
2019050444,1481,2019-05-19,30,1680,2019-03-02,3
2019050445,2874,2019-05-03,20,2049,2019-02-04,9
2019050446,2100,2019-05-03,30,1852,2019-02-02,2
2019050447,2715,2019-05-01,30,1808,2019-01-09,2
2019050448,2729,2019-05-19,10,1983,2019-03-23,10
2019050449,1467,2019-05-06,20,2175,2019-02-17,10
2019050450,2093,2019-05-06,10,2871,2019-03-24,7
2019050451,2550,2019-05-03,20,3454,2019-04-05,9
2019050452,1473,2019-05-05,30,2783,2019-02-28,10
2019050453,1299,2019-05-16,20,2666,2019-02-17,5
2019050454,1855,2019-05-15,10,2639,2019-01-16,8
2019050455,2294,2019-05-14,10,1023,2019-03-05,7
2019050456,1254,2019-05-03,30,2081,2019-02-09,2
2019050457,2634,2019-05-09,30,3400,2019-04-23,11
2019050458,1301,2019-05-10,30,1652,2019-02-20,7
2019050459,2734,2019-05-13,20,2153,2019-02-19,6
2019050460,2239,2019-05-03,10,2660,2019-02-07,3
2019050461,1113,2019-05-17,20,2849,2019-02-08,2
2019050462,1967,2019-05-02,20,1190,2019-02-08,6
2019050463,1406,2019-05-05,10,2172,2019-04-24,8
2019050464,2587,2019-05-09,30,2208,2019-01-09,3
2019050465,2635,2019-05-11,20,2943,2019-04-26,6
2019050466,2120,2019-05-18,10,1380,2019-02-27,11
2019050467,1728,2019-05-15,10,1200,2019-01-06,8
2019050468,1945,2019-05-07,10,3211,2019-01-15,11
2019050469,1378,2019-05-18,20,3309,2019-02-05,12
2019050470,1107,2019-05-03,10,3196,2019-04-05,7
2019050471,1785,2019-05-03,20,1310,2019-01-19,5
2019050472,1210,2019-05-06,20,1760,2019-01-28,3
2019050473,2440,2019-05-05,30,3549,2019-03-17,1
2019050474,2469,2019-05-13,20,1881,2019-04-18,8
2019050475,2353,2019-05-19,30,1681,2019-04-26,7
2019050476,1937,2019-05-15,20,2449,2019-01-25,1
2019050477,1288,2019-05-04,30,2337,2019-02-18,11
2019050478,1794,2019-05-13,10,2710,2019-04-11,3
2019050479,2521,2019-05-17,20,2339,2019-04-09,10
2019050480,1833,2019-05-07,20,3270,2019-04-04,4
2019050481,2901,2019-05-18,20,3125,2019-04-06,10
2019050482,2876,2019-05-04,10,1859,2019-02-23,5
2019050483,2624,2019-05-03,10,2697,2019-02-08,10
2019050484,2840,2019-05-01,30,1025,2019-04-16,8
2019050485,1473,2019-05-01,20,1436,2019-04-19,11
2019050486,2101,2019-05-14,30,1496,2019-04-24,5
2019050487,2355,2019-05-06,20,3079,2019-02-14,11
2019050488,1294,2019-05-05,10,3570,2019-02-14,6
2019050489,1365,2019-05-07,10,2464,2019-02-16,10
2019050490,2352,2019-05-15,20,2914,2019-02-07,5
2019050491,2360,2019-05-17,10,3164,2019-02-27,7
2019050492,1842,2019-05-14,20,3359,2019-03-03,2
2019050493,2376,2019-05-05,20,2363,2019-04-26,2
2019050494,1638,2019-05-16,10,3382,2019-01-12,4
2019050495,2704,2019-05-15,20,3253,2019-02-28,7
2019050496,1187,2019-05-09,20,1784,2019-01-05,4
2019050497,1677,2019-05-02,20,2030,2019-01-05,4
2019050498,1171,2019-05-19,10,1733,2019-04-03,9
2019050499,2888,2019-05-10,10,3417,2019-02-08,4
2019050500,2624,2019-05-11,20,3028,2019-02-28,10
2019050501,1475,2019-05-04,30,1844,2019-01-02,7
2019050502,1530,2019-05-06,20,2757,2019-03-27,8
2019050503,1013,2019-05-15,20,1890,2019-01-19,6
2019050504,1749,2019-05-16,30,3153,2019-03-16,7
2019050505,1398,2019-05-12,30,1877,2019-04-03,6
2019050506,1394,2019-05-09,20,3481,2019-03-13,12
2019050507,1145,2019-05-11,10,2497,2019-04-20,8
2019050508,2399,2019-05-01,10,1467,2019-04-25,11
2019050509,1039,2019-05-08,30,1009,2019-03-14,11
2019050510,1228,2019-05-19,10,1332,2019-02-18,3
2019050511,2034,2019-05-10,10,1485,2019-03-03,12
2019050512,1479,2019-05-02,20,1064,2019-03-07,5
2019050513,1848,2019-05-11,20,1403,2019-02-03,3
2019050514,1708,2019-05-01,10,2816,2019-01-27,11
2019050515,1539,2019-05-03,30,1448,2019-01-02,10
2019050516,2328,2019-05-09,10,3382,2019-01-04,2
2019050517,2157,2019-05-06,30,1109,2019-04-28,9
2019050518,1693,2019-05-16,30,3339,2019-03-03,8
2019050519,1026,2019-05-09,20,1323,2019-02-02,12
2019050520,1283,2019-05-10,30,1400,2019-03-08,5
2019050521,2294,2019-05-10,30,2638,2019-01-12,1
2019050522,1842,2019-05-15,30,3177,2019-04-19,2
2019050523,1142,2019-05-02,10,3249,2019-04-08,3
2019050524,2848,2019-05-04,30,2421,2019-01-12,4
2019050525,1320,2019-05-10,20,3188,2019-01-23,2
2019050526,1115,2019-05-02,10,3230,2019-02-06,1
2019050527,1678,2019-05-14,30,1068,2019-01-22,6
2019050528,1300,2019-05-12,20,1748,2019-03-07,10
2019050529,1450,2019-05-13,10,2943,2019-04-14,5
2019050530,1303,2019-05-10,10,1144,2019-03-03,6
2019050531,2299,2019-05-14,30,3455,2019-01-09,11
2019050532,1118,2019-05-16,10,3415,2019-02-21,10
2019050533,2767,2019-05-10,30,1499,2019-02-24,4
2019050534,2269,2019-05-02,30,2387,2019-01-06,8
2019050535,2934,2019-05-09,30,2851,2019-01-08,10
2019050536,1515,2019-05-15,10,1646,2019-04-02,3
2019050537,1748,2019-05-17,10,2145,2019-04-05,2
2019050538,2216,2019-05-15,30,3553,2019-02-02,8
2019050539,1383,2019-05-05,10,2772,2019-03-08,8
2019050540,1976,2019-05-11,10,2027,2019-03-06,1
2019050541,1322,2019-05-19,10,1758,2019-02-04,5
2019050542,2972,2019-05-18,30,1817,2019-02-09,2
2019050543,1432,2019-05-08,20,2612,2019-03-25,2
2019050544,2024,2019-05-15,10,3375,2019-03-02,12
2019050545,2706,2019-05-18,10,1941,2019-04-10,12
2019050546,1261,2019-05-13,30,2169,2019-03-08,10
2019050547,2931,2019-05-04,10,2548,2019-04-13,8
2019050548,2405,2019-05-01,30,1340,2019-02-11,2
2019050549,2211,2019-05-04,10,3219,2019-02-06,9
2019050550,1030,2019-05-03,20,1412,2019-03-21,8
2019050551,2091,2019-05-15,20,3569,2019-01-26,8
2019050552,2783,2019-05-18,30,2129,2019-02-27,11
2019050553,1697,2019-05-18,30,1357,2019-04-03,9
2019050554,2021,2019-05-08,30,1318,2019-02-05,2
2019050555,2191,2019-05-13,20,1726,2019-04-07,8
2019050556,2745,2019-05-09,10,2705,2019-02-25,3
2019050557,1081,2019-05-02,10,3541,2019-02-23,6
2019050558,1250,2019-05-06,30,1234,2019-04-09,2
2019050559,1566,2019-05-13,20,3315,2019-02-23,9
2019050560,2251,2019-05-12,20,2518,2019-03-01,11
2019050561,2839,2019-05-12,10,2722,2019-02-01,6
2019050562,1005,2019-05-17,10,3114,2019-01-13,1
2019050563,2060,2019-05-01,10,2621,2019-02-22,6
2019050564,1965,2019-05-09,10,2103,2019-03-05,1
2019050565,1593,2019-05-05,10,3059,2019-01-04,4
2019050566,1514,2019-05-01,20,2832,2019-01-21,12
2019050567,1909,2019-05-16,20,1865,2019-04-03,8
2019050568,2863,2019-05-15,30,3571,2019-04-23,9
2019050569,2006,2019-05-08,20,2396,2019-03-27,3
2019050570,1364,2019-05-15,10,3001,2019-01-24,11
2019050571,2684,2019-05-11,10,2207,2019-01-06,6
2019050572,1801,2019-05-11,20,1867,2019-01-15,4
2019050573,2164,2019-05-06,10,1066,2019-01-11,12
2019050574,1341,2019-05-05,10,3475,2019-02-10,10
2019050575,2655,2019-05-08,20,2993,2019-04-10,9
2019050576,2179,2019-05-17,30,2199,2019-01-09,4
2019050577,2720,2019-05-08,20,3019,2019-01-02,8
2019050578,2972,2019-05-09,30,1510,2019-03-25,1
2019050579,1997,2019-05-12,10,3121,2019-02-08,7
2019050580,2241,2019-05-11,20,2333,2019-04-03,10
2019050581,1237,2019-05-05,10,1900,2019-01-11,6
2019050582,2583,2019-05-16,30,2591,2019-02-08,1
2019050583,2390,2019-05-13,20,1945,2019-04-12,7
2019050584,1847,2019-05-08,10,1830,2019-04-19,6
2019050585,1059,2019-05-15,30,1332,2019-03-17,4
2019050586,1549,2019-05-05,10,2547,2019-01-17,12
2019050587,2141,2019-05-02,20,2518,2019-02-03,11
2019050588,1452,2019-05-08,20,3119,2019-02-02,9
2019050589,2087,2019-05-08,10,2491,2019-02-01,8
2019050590,2818,2019-05-03,10,1003,2019-03-05,3
2019050591,2131,2019-05-10,30,1116,2019-02-23,5
2019050592,1002,2019-05-02,10,1513,2019-01-06,9
2019050593,2483,2019-05-15,20,2694,2019-02-19,8
2019050594,2351,2019-05-02,30,1560,2019-01-23,8
2019050595,2179,2019-05-16,20,2297,2019-02-03,7
2019050596,1791,2019-05-14,20,3432,2019-02-04,3
2019050597,1828,2019-05-09,10,2254,2019-01-19,9
2019050598,2624,2019-05-10,30,3509,2019-04-07,10
2019050599,2436,2019-05-11,10,2802,2019-01-02,9
2019050600,2058,2019-05-19,10,1896,2019-04-27,5
2019050601,2529,2019-05-16,30,1636,2019-02-13,6
2019050602,2976,2019-05-13,30,3233,2019-01-08,11
2019050603,1624,2019-05-09,20,2479,2019-03-07,6
2019050604,2614,2019-05-14,20,3499,2019-03-11,3
2019050605,2122,2019-05-10,10,3344,2019-01-09,12
2019050606,2700,2019-05-07,10,1425,2019-01-11,3
2019050607,1692,2019-05-18,10,2899,2019-04-14,1
2019050608,1647,2019-05-12,10,1626,2019-01-27,4
2019050609,1681,2019-05-15,10,3325,2019-04-26,1
2019050610,1925,2019-05-19,20,2032,2019-04-09,7
2019050611,2837,2019-05-15,20,1270,2019-03-01,4
2019050612,1518,2019-05-02,20,1913,2019-02-03,7
2019050613,1644,2019-05-14,30,1666,2019-02-08,6
2019050614,1894,2019-05-14,20,1172,2019-01-04,2
2019050615,2984,2019-05-01,20,2204,2019-02-12,11
2019050616,1079,2019-05-09,20,2626,2019-04-05,7
2019050617,1336,2019-05-07,20,2155,2019-01-09,2
2019050618,1828,2019-05-04,10,1894,2019-02-05,1
2019050619,2093,2019-05-16,10,3054,2019-04-26,9
2019050620,1462,2019-05-06,30,1981,2019-03-07,11
2019050621,1595,2019-05-19,10,3025,2019-04-07,10
2019050622,1426,2019-05-19,20,2698,2019-03-26,10
2019050623,2133,2019-05-05,10,2730,2019-03-09,11
2019050624,1981,2019-05-07,20,1003,2019-02-02,3
2019050625,1926,2019-05-02,10,2667,2019-02-02,9
2019050626,1564,2019-05-18,10,3263,2019-01-25,9
2019050627,2611,2019-05-19,30,2524,2019-02-02,9
2019050628,1728,2019-05-15,10,2895,2019-03-19,2
2019050629,2043,2019-05-19,10,3193,2019-01-19,9
2019050630,1535,2019-05-07,30,3278,2019-03-18,7
2019050631,2438,2019-05-10,20,1175,2019-02-05,9
2019050632,1806,2019-05-09,10,2494,2019-02-04,2
2019050633,1520,2019-05-16,30,3559,2019-02-24,4
2019050634,2109,2019-05-19,10,1827,2019-01-14,11
2019050635,2954,2019-05-18,10,2646,2019-03-19,5
2019050636,1827,2019-05-17,30,2957,2019-02-16,10
2019050637,1045,2019-05-01,30,1277,2019-03-18,2
2019050638,2573,2019-05-15,10,1703,2019-03-16,12
2019050639,2176,2019-05-11,30,2053,2019-04-27,5
2019050640,2422,2019-05-10,30,2315,2019-02-19,7
2019050641,1725,2019-05-05,30,2448,2019-03-10,10
2019050642,1231,2019-05-09,30,2986,2019-04-14,1
2019050643,1088,2019-05-06,20,1872,2019-04-22,6
2019050644,1651,2019-05-08,30,1470,2019-03-15,2
2019050645,2586,2019-05-10,20,1744,2019-04-22,5
2019050646,2501,2019-05-14,30,2254,2019-02-06,11
2019050647,1216,2019-05-01,30,3235,2019-03-20,2
2019050648,1899,2019-05-11,30,2632,2019-04-01,10
2019050649,2870,2019-05-01,10,1612,2019-01-12,11
2019050650,1773,2019-05-01,20,1707,2019-04-28,8
2019050651,2384,2019-05-17,30,1053,2019-04-02,3
2019050652,1018,2019-05-10,10,2103,2019-04-09,5
2019050653,2524,2019-05-18,20,2362,2019-01-04,10
2019050654,2568,2019-05-14,10,1231,2019-04-11,2
2019050655,2790,2019-05-15,20,1999,2019-04-07,12
2019050656,1965,2019-05-16,10,3440,2019-01-24,9
2019050657,2956,2019-05-11,30,2463,2019-02-26,11
2019050658,2510,2019-05-02,30,1799,2019-01-07,8
2019050659,2820,2019-05-09,30,3068,2019-01-06,9
2019050660,1674,2019-05-16,10,1079,2019-04-09,12
2019050661,1649,2019-05-16,10,2419,2019-01-21,5
2019050662,1153,2019-05-04,30,2458,2019-01-06,1
2019050663,2387,2019-05-06,30,2335,2019-04-26,7
2019050664,1314,2019-05-17,20,2455,2019-03-01,10
2019050665,2584,2019-05-08,20,2605,2019-04-19,3
2019050666,1299,2019-05-05,20,3452,2019-03-20,10
2019050667,1018,2019-05-03,20,3400,2019-01-11,3
2019050668,1150,2019-05-02,30,2467,2019-03-18,6
2019050669,2046,2019-05-12,30,2593,2019-04-06,12
2019050670,2754,2019-05-09,20,2125,2019-03-01,11
2019050671,1291,2019-05-08,30,3425,2019-01-01,4
2019050672,2821,2019-05-11,30,2187,2019-01-02,1
2019050673,1742,2019-05-01,10,1999,2019-01-07,10
2019050674,1658,2019-05-10,20,1123,2019-03-02,3
2019050675,1048,2019-05-16,20,3006,2019-04-06,10
2019050676,1052,2019-05-16,20,1637,2019-01-07,12
2019050677,2459,2019-05-19,10,2943,2019-02-03,5
2019050678,2423,2019-05-13,20,1025,2019-03-08,4
2019050679,2586,2019-05-11,10,2650,2019-02-15,4
2019050680,2065,2019-05-12,30,2727,2019-02-26,6
2019050681,2190,2019-05-15,30,2606,2019-04-22,11
2019050682,1517,2019-05-08,10,2374,2019-02-01,3
2019050683,2004,2019-05-07,30,2143,2019-01-19,11
2019050684,1011,2019-05-14,30,2409,2019-01-03,5
2019050685,2308,2019-05-06,10,2965,2019-01-24,2
2019050686,2514,2019-05-02,30,1388,2019-03-05,4
2019050687,2719,2019-05-16,30,3399,2019-04-07,2
2019050688,2098,2019-05-14,10,1014,2019-04-19,8
2019050689,2097,2019-05-08,10,1538,2019-02-16,7
2019050690,2598,2019-05-17,10,2043,2019-04-07,10
2019050691,2244,2019-05-15,30,2579,2019-03-03,6
2019050692,2210,2019-05-11,10,2492,2019-03-02,4
2019050693,2378,2019-05-09,30,2001,2019-02-02,2
2019050694,1683,2019-05-02,10,1314,2019-02-25,5
2019050695,2209,2019-05-18,10,1167,2019-02-23,2
2019050696,1036,2019-05-05,10,2552,2019-03-28,6
2019050697,2219,2019-05-09,10,2276,2019-03-05,9
2019050698,2662,2019-05-18,30,2862,2019-02-10,5
2019050699,1529,2019-05-19,20,2575,2019-04-17,8
2019050700,1299,2019-05-09,10,2785,2019-02-28,2
2019050701,2796,2019-05-03,30,3189,2019-03-07,6
2019050702,1029,2019-05-12,20,2546,2019-04-24,9
2019050703,1690,2019-05-05,20,1933,2019-04-15,3
2019050704,1952,2019-05-18,10,1067,2019-04-14,9
2019050705,2328,2019-05-05,10,1126,2019-03-04,12
2019050706,2912,2019-05-03,20,2554,2019-04-03,1
2019050707,1591,2019-05-12,30,2317,2019-03-25,8
2019050708,2958,2019-05-19,30,2815,2019-04-02,11
2019050709,1498,2019-05-08,20,3169,2019-02-07,11
2019050710,2714,2019-05-14,10,2155,2019-01-22,5
2019050711,1980,2019-05-10,10,2085,2019-03-09,11
2019050712,2486,2019-05-03,30,3441,2019-02-21,7
2019050713,1578,2019-05-07,30,3209,2019-01-01,12
2019050714,2388,2019-05-04,20,1411,2019-03-19,11
2019050715,1700,2019-05-14,10,3472,2019-04-03,5
2019050716,1884,2019-05-09,30,2717,2019-03-01,12
2019050717,2087,2019-05-02,20,3588,2019-01-14,4
2019050718,1971,2019-05-01,30,1548,2019-01-16,1
2019050719,2497,2019-05-11,30,2904,2019-01-21,8
2019050720,1067,2019-05-09,10,1924,2019-02-03,9
2019050721,1770,2019-05-06,30,2407,2019-02-12,7
2019050722,2070,2019-05-09,30,3034,2019-03-04,10
2019050723,1370,2019-05-05,30,1217,2019-04-18,6
2019050724,1791,2019-05-14,20,2575,2019-04-08,9
2019050725,1906,2019-05-16,20,2922,2019-01-08,7
2019050726,1972,2019-05-06,30,2933,2019-02-28,9
2019050727,1479,2019-05-17,30,1199,2019-01-01,3
2019050728,2121,2019-05-06,20,3568,2019-01-22,6
2019050729,2061,2019-05-01,30,1212,2019-01-19,12
2019050730,1760,2019-05-01,30,2493,2019-02-04,3
2019050731,1143,2019-05-09,10,2244,2019-04-09,11
2019050732,2455,2019-05-08,30,2926,2019-02-27,2
2019050733,2238,2019-05-17,20,1046,2019-03-02,2
2019050734,2045,2019-05-19,10,1845,2019-01-07,3
2019050735,1589,2019-05-15,30,2399,2019-04-28,5
2019050736,2864,2019-05-05,20,2519,2019-03-25,4
2019050737,2587,2019-05-06,30,2790,2019-04-13,4
2019050738,1246,2019-05-06,30,3212,2019-04-02,3
2019050739,2186,2019-05-08,30,2564,2019-02-21,9
2019050740,2045,2019-05-16,20,2353,2019-01-02,8
2019050741,2698,2019-05-15,10,1775,2019-01-11,10
2019050742,1597,2019-05-04,10,2636,2019-02-23,10
2019050743,2376,2019-05-12,30,1849,2019-01-03,12
2019050744,1463,2019-05-19,10,2302,2019-01-07,4
2019050745,2121,2019-05-15,10,2935,2019-01-18,3
2019050746,2227,2019-05-06,20,2674,2019-03-08,11
2019050747,2947,2019-05-15,10,2680,2019-04-20,3
2019050748,1134,2019-05-01,10,2328,2019-01-05,10
2019050749,1798,2019-05-09,10,1777,2019-01-06,7
2019050750,2933,2019-05-10,10,2737,2019-02-02,9
2019050751,1219,2019-05-19,20,2579,2019-01-20,2
2019050752,2776,2019-05-05,10,2390,2019-01-16,10
2019050753,1797,2019-05-19,10,1078,2019-02-23,12
2019050754,1333,2019-05-12,30,3519,2019-03-05,5
2019050755,2919,2019-05-07,30,2840,2019-03-17,4
2019050756,1440,2019-05-06,10,3290,2019-01-02,5
2019050757,1736,2019-05-09,30,2253,2019-04-18,8
2019050758,2937,2019-05-17,10,2217,2019-03-07,12
2019050759,2644,2019-05-15,30,3436,2019-01-07,5
2019050760,1671,2019-05-01,30,1074,2019-02-10,1
2019050761,1198,2019-05-15,10,2338,2019-04-10,7
2019050762,2997,2019-05-18,10,2691,2019-03-18,3
2019050763,1229,2019-05-09,10,1003,2019-02-09,3
2019050764,2346,2019-05-07,20,1903,2019-03-19,3
2019050765,2647,2019-05-01,20,2197,2019-02-04,7
2019050766,1151,2019-05-10,20,1834,2019-03-01,4
2019050767,2822,2019-05-15,20,2991,2019-04-08,8
2019050768,1015,2019-05-15,20,1341,2019-04-06,12
2019050769,1086,2019-05-17,30,3444,2019-02-05,6
2019050770,1153,2019-05-16,30,3445,2019-03-04,9
2019050771,2770,2019-05-11,30,1389,2019-02-27,4
2019050772,1180,2019-05-12,10,3582,2019-02-04,12
2019050773,2890,2019-05-07,10,3343,2019-02-27,2
2019050774,1407,2019-05-08,20,3180,2019-01-05,3
2019050775,1610,2019-05-14,30,1143,2019-02-15,6
2019050776,2955,2019-05-14,10,1876,2019-01-14,8
2019050777,1149,2019-05-19,10,1758,2019-01-18,4
2019050778,2439,2019-05-17,30,1039,2019-03-02,3
2019050779,1533,2019-05-18,30,3083,2019-01-06,5
2019050780,2279,2019-05-03,10,2481,2019-02-08,6
2019050781,1578,2019-05-12,20,1122,2019-03-22,9
2019050782,2388,2019-05-12,30,2361,2019-01-21,9
2019050783,1928,2019-05-09,30,1670,2019-02-05,12
2019050784,2775,2019-05-13,30,1490,2019-01-02,1
2019050785,1237,2019-05-18,10,2088,2019-03-28,11
2019050786,2078,2019-05-09,30,1831,2019-03-02,3
2019050787,2160,2019-05-13,20,3360,2019-03-22,5
2019050788,1537,2019-05-09,20,1603,2019-03-22,12
2019050789,2709,2019-05-15,10,2389,2019-04-03,6
2019050790,1303,2019-05-01,20,1289,2019-03-26,3
2019050791,1166,2019-05-18,20,2685,2019-02-05,3
2019050792,2543,2019-05-04,10,2868,2019-04-19,11
2019050793,2436,2019-05-11,10,3247,2019-02-09,3
2019050794,1267,2019-05-19,10,2673,2019-04-05,6
2019050795,1875,2019-05-13,10,3564,2019-03-22,11
2019050796,1837,2019-05-02,20,3493,2019-03-11,9
2019050797,1369,2019-05-05,20,3548,2019-02-02,9
2019050798,1634,2019-05-14,20,3430,2019-02-18,5
2019050799,2764,2019-05-15,20,3308,2019-03-07,11
2019050800,1048,2019-05-03,30,2704,2019-02-14,8
