2000001,24722209,Sarafanglong9,15120997773
2000002,30080188,Samuelxiuying156,15540088766
2000003,53075017,Amandalzeng7,15884271469
2000004,17323901,Scottfanxiulan6,15537481166
2000005,80603863,Kellyplin7,15937407007
2000006,84953896,Johnli416,13119721264
2000007,39199027,Donnaping337,14548982100
2000008,35452232,Tammykangjuan2,13310701269
2000009,56523591,Barbarayanglei6,13535889947
2000010,92608986,Georgedaiyan3,15631847218
2000011,23231528,Sylviaxiayu8,18846761029
2000012,93589772,Andrewuxu5,14590344921
2000013,89757840,Kellywei875,18829587762
2000014,46026262,Alexisrhu4,13725191976
2000015,32456769,Roberttlai8,13404303334
2000016,36822768,Juanlibai2,18566654309
2000017,1659474,Robertjielu7,13830206746
2000018,51568832,Luisfang401,18934924345
2000019,78981249,Edwinhoufang3,15941160388
2000020,64791654,Jennifervhou6,14550856009
2000021,1622157,Robertxiuying028,15802637364
2000022,11289708,Josephxiulanjin5,15806894359
2000023,61646933,Kristinaguiyingbai0,14577252620
2000024,47507654,Ericaqyao0,15871219860
2000025,22672735,Roberttao710,18523382479
2000026,69886423,Jackping252,13862352351
2000027,9594791,Joshuafang297,15228489792
2000028,89556061,Karenzyao0,18070742998
2000029,18732191,Earltianguiying6,18518343929
2000030,97536390,Stephaniegangcheng6,13401308406
2000031,53535009,Garymin421,15390071342
2000032,60675316,Caitlinnwen1,15138719387
2000033,42531661,Teresapinglai8,13554074977
2000034,97896159,Christinejun963,15800474158
2000035,25016796,Howardkanglei8,18282195791
2000036,97367185,Lawrencevlong9,18773997130
2000037,19111384,Cassandrarzhang3,15651954249
2000038,52107115,Kristopherminyi3,18055421296
2000039,52886485,Brandonqiang199,18532030538
2000040,81319169,Marthazhoumin1,18832844054
2000041,59885504,Tammyndeng0,13387614838
2000042,3027080,Josephweixiulan6,18749755185
2000043,91357014,Lindseyfanglei2,18612495548
2000044,38330001,Dianadongxia9,18703850473
2000045,88082899,Tonixiaona4,18098838656
2000046,96394007,Brianmingfang2,14597279289
2000047,96905746,Hannahxiulan918,14756893982
2000048,58426142,Jeremyping910,15818408018
2000049,8106094,Jaydongmin4,15544864442
2000050,21442803,Jamieyiyan1,13699989139
2000051,96412671,Joshuabcao0,13746742845
2000052,75311872,Rodneyming911,15348902200
2000053,42325208,Rebeccanayang9,13103983999
2000054,33539768,Howarddjiang5,18727869160
2000055,516297,Samuelgangtang5,15741919846
2000056,36753109,Emilylei062,13404694051
2000057,53421692,Christinachao124,15271300314
2000058,84214881,Kyleguiyingmao5,13491053542
2000059,65459416,Matthewxiangxiulan6,13597952173
2000060,63145533,Thomasjuan409,15184124962
2000061,11476955,Tiffanyguiying943,15208726594
2000062,85592490,Christopherxiagao3,13632026005
2000063,83082719,Margaretxia055,18056482087
2000064,25749328,Robertoli9,18054080056
2000065,24763158,Jenniferminyin6,13922478000
2000066,1853162,Laurenzjin7,18184214622
2000067,71104317,Andrewchaogong6,15262909275
2000068,71512204,Michaelfang613,13232849750
2000069,21539510,Cliffordqiang462,18650950664
2000070,49611366,Katherinevkong3,15909860830
2000071,47029934,Robertpinghu2,15775412143
2000072,90005084,Whitneyjintao1,13585899620
2000073,8173614,Timothypanping9,18118931188
2000074,1634976,Robinrenlei5,15306967756
2000075,57946986,Joelsluo5,13194673880
2000076,18645101,Andreliangyong4,13497266343
2000077,84972774,Tracymshen5,13886131168
2000078,89388549,Toddminlin2,14547660642
2000079,89975268,Jasonli013,15283839477
2000080,74448616,Tinallong4,15983673047
6000001,59265177,Mikaylaicheng0,15347792473
6000002,34916315,Johnhyuan4,18933995351
6000003,88371757,Kathleenpingfan2,18758261271
6000004,30853546,Amandayanhou1,18822957511
6000005,46967589,Kimberlyqianyang5,13596049215
6000006,12877034,Curtisfangliao6,13657392808
6000007,23004825,Michaelli891,13456986986
6000008,16684508,Cameronyinlei2,13577537577
6000009,41465493,Josejing991,15607442824
6000010,40815565,Kimberlyjun578,13369981721
6000011,3984345,Denisejun148,18118686749
6000012,3030349,Jimmyjuan672,14570184856
6000013,28336174,Timothyxiazeng5,15587079480
6000014,22515605,Rodneychangjing6,18908682647
6000015,21487927,Lindaxiongna8,15055312548
6000016,23427921,Richardguiying822,15547099306
6000017,52196515,Kimberlyszhou3,13781316801
6000018,37553159,Austinyanzhou3,18047255439
6000019,46071422,Richardming903,13106529775
6000020,2740447,Christopherjun897,18081186700
6000021,57599007,Josephrdu9,13142752198
6000022,35269502,Rhondajuanlu9,13314117537
6000023,82458690,Sarahluoguiying6,18722802842
6000024,59680468,Jenniferjuan352,18124313379
6000025,53431974,Jeffreyshixiulan7,13267708825
6000026,34766989,Courtneyguiying386,13126165382
6000027,47287495,Elizabethxtang9,15330643604
6000028,53018120,Coryjun057,18739432647
6000029,51776565,Andreaxiawei8,18876458024
6000030,80339908,Brettrding5,18999820861
6000031,71475646,Jasonli663,13720128246
6000032,11628255,Antoniowanming9,15243612360
6000033,29800261,Donnaliuping7,15222932968
6000034,7611001,Laurenpenggang3,18541717030
6000035,22859907,Jasonchaozhao0,18197740547
6000036,27264539,Ashleysunguiying2,15611382793
6000037,58504116,Robertsuchao4,13418445111
6000038,84880765,Jasonxia095,14529528169
6000039,61329614,Toddchao636,15804553725
6000040,96769553,Williamyintao2,15307216539
6000041,28599197,Karencxie4,18165631059
6000042,28269731,Stephenxiashi6,18724114010
6000043,19045443,Rogerlaijuan8,13201091466
6000044,21231223,Clintonguiyingqiu3,13599179560
6000045,86840903,Michaelflin4,13020108861
6000046,29372027,Natalieli474,14798003459
6000047,67437023,Tylertao765,13830725531
6000048,24550031,Ericjuanyuan8,13118049365
6000049,50246663,Bryceleiguiying1,15274089379
6000050,80266464,Heatheryangwei5,18680804173
6000051,74260706,Michaelgangzheng7,15577822647
6000052,28673699,Jamesshixiulan7,18978198323
6000053,5548255,Shellybhuang2,15809814832
6000054,96110454,Amandayuanna6,18018184049
6000055,1458572,Ericmenggang7,15137643537
6000056,6885120,Wesleytpeng3,18642001690
6000057,17037617,Jessicaliangqiang0,15587356826
6000058,59786832,Andrewjie977,14518802482
6000059,58297933,Nancyyangao8,15095138059
6000060,10480472,Andrewfangxiong5,15194652361
6000061,72537909,Garyping106,14503339083
6000062,75515317,Jeffreyyujuan2,13949809810
6000063,81451371,Thomasupeng3,13850538935
6000064,57671215,Justinyangxiang5,13300487694
6000065,5998326,Josechao123,15125346594
6000066,77344441,Bethanycuilei0,13938868520
6000067,135016,Madelineyanliao3,18055240151
6000068,49854909,Lindaminzhou8,13367940744
6000069,75985660,Samanthajuantang7,18131103709
6000070,56153507,Johnmingma8,15241421978
6000071,78776005,Jamesfang547,15187458364
6000072,89174432,Stephaniejunfu3,13058928392
6000073,81020553,Lisayangzhang2,13236570840
6000074,25314489,Veronicaluxiulan1,18769127808
6000075,75176075,Stephaniesuguiying8,18520188482
6000076,30907478,Laurentianping3,15908659290
6000077,33846231,Kellyjie420,15259596671
6000078,40115047,Nicolexia036,13613676676
6000079,57908397,Jasminemingqiao7,15997701804
6000080,5717927,Jasonyan814,18269159739
6000081,78544536,Shannonwei067,13015638517
6000082,8125033,Tyleremo0,15983123268
6000083,40481876,Thomasfangxiang3,13534668211
6000084,93488471,Randyxtao2,15071738117
6000085,42745228,Kennethjuanlong9,14532428904
6000086,82615253,Rebeccana662,15841608508
6000087,42450078,Thomasgshen4,15245489110
6000088,3311509,Travisjinglai7,15324880624
6000089,2257877,Lindapgong1,13807465966
6000090,64663296,Brianaguo5,15394672145
6000091,3812419,Vanessashe8,13893728987
6000092,76520464,Lauramin522,13734314579
6000093,30636811,Connorliaomin0,13382841902
6000094,71585819,Tiffanysxie7,13521412222
6000095,20170370,Joshuafang514,14594828100
6000096,72768860,Anthonyganglong4,18012780816
6000097,18383461,Brandyfsu4,13662488767
6000098,2066257,Christophertaoxu4,18854462428
6000099,14450495,Williamdingyan3,15290965759
6000100,38851711,Benjaminmengchao6,15268170643
6000101,83134388,Sheilayangtan8,18614588073
6000102,42476740,Melissajunzheng8,18289825429
6000103,61474123,Kimberlyjingren3,13080393313
6000104,40605500,Michelleqiaofang8,13325918796
6000105,28066484,Davidyanqian1,14794864649
6000106,15335524,Williammaojun8,18794847423
6000107,48297929,Amyhguo0,18688885035
6000108,70897708,Ryanjing232,13132628880
6000109,53108517,Monicasongjie1,13544493174
6000110,35114420,Angelapengchao5,13340073819
6000111,47699045,Coryjiaguiying3,13306051900
6000112,16865006,Suzannegonggang4,13740360655
6000113,59777298,Stephanieazhang3,14703862356
6000114,96047057,Justinleiqin7,13230367472
6000115,18955194,Kylebyu3,18787146071
6000116,72386057,Jamesqiuchao3,13463175571
6000117,29028542,Wandatao492,14766364298
6000118,27887615,Geoffreynaguo1,13179773360
6000119,27513217,Juliesulei9,13406629894
6000120,45943447,Michaeltangfang2,18920124686
6000121,7922763,Kevinnaren3,15955579418
6000122,5924837,Ashleyxiulanqian5,15946875150
6000123,12772469,Williamlibai3,14739396138
6000124,45766275,Troychaodeng2,18293102732
6000125,14283444,Annahangang7,15901584213
6000126,66417958,Rosepingzhu2,13745820259
6000127,14094699,Nicholashhan4,15509823630
6000128,25053265,Christopherguiying071,15939660971
6000129,38611803,Anthonyjinglong7,13401489779
6000130,88309552,Rebeccayonglu0,18859408371
6000131,28375890,Benjaminyangyao7,13196283235
6000132,23752085,Davidpingshao3,15010552340
6000133,40918228,Jefferykye1,15982126282
6000134,13192068,Denisefang260,13496174643
6000135,89757604,Sandrafengmin1,13296344642
6000136,80199168,Rachelchengmin3,15531979715
6000137,300162,Kristinjuanyu5,13030850748
6000138,37555108,Johndqiu5,14527704836
6000139,27330180,Matthewvxia9,15911753655
6000140,65713570,Lisazhengjie6,13249788293
6000141,92879614,Nicholeping748,15873150535
6000142,65156490,Samanthabaiming2,15399073674
6000143,88698113,Rebekahnahe2,15909069219
6000144,80953128,Tristanwding9,13117411685
6000145,91537102,Joseegong5,13674518840
6000146,37933753,Matthewjiesun8,13672960474
6000147,80011071,Billychao059,14799265287
6000148,45837944,Stacypingwei5,15948302470
6000149,65916100,Johnxiaqin0,15858698187
6000150,46828675,Timothyryang7,18794996331
6000151,54828254,Whitneyyiming9,13469864420
6000152,15443151,Bryanjduan1,18842874323
6000153,59338321,Michaelfanghao5,13332689677
6000154,14032233,Stacytaoxu5,13827057455
6000155,75410605,Ianyan514,18746909129
6000156,3491805,Rachelgangyao3,15150638428
6000157,65496374,Calvinjingyao6,15343569696
6000158,22774545,Markleijing4,15870031750
6000159,64710648,Nancyyong664,14786270066
6000160,15065100,Robertxiulan043,14526245951
6000161,59001720,Sarahwei028,18134449211
6000162,38582110,Ronaldjunzhang8,15677212818
6000163,99880897,Edwardwenjing4,18180963911
6000164,51815745,Debragangwen0,15344594271
6000165,9203495,Tommyxiuying040,13589755639
6000166,67366781,Toniwanna5,13959932023
6000167,18072549,Joshuagangshao9,13950017724
6000168,72450307,Jasminegang432,13830953051
6000169,5453580,Michaelxiulan228,13928460450
6000170,84793799,Ryanjing794,13441548529
6000171,83209758,Stephaniejunyu9,14559518205
6000172,28108573,Jacquelineyong263,13020552984
6000173,95200903,Angelyan646,13168258003
6000174,92157668,Kimberlyli444,13939479830
6000175,92970281,Joshuazyu2,18544132919
6000176,65189634,Lisaxiejun9,15936445376
6000177,41015216,Daviddongfang9,13405036931
6000178,4559252,Donnabaiyang7,18561996522
6000179,77906267,Brendajiefan5,13903081413
6000180,94720327,Shannonrwen8,18115061408
6000181,99400668,Monicawangxiuying0,13867579491
6000182,10154106,Marciamengjing4,13189419909
6000183,61354807,Victoriacaijing2,13560002388
6000184,84895554,Danielyanwang1,13101425218
6000185,62551533,Lindsayfzou9,13564397476
6000186,19807973,Matthewduanli7,18028257733
6000187,84788153,Annyiguiying2,13876641263
6000188,92463622,Mariexiamao5,18249584719
6000189,79655330,Richardxiuyinggao7,14774610779
6000190,1757743,Ginaguiying029,13398767585
6000191,88569840,Marcusshenyan6,18185812000
6000192,15005809,Richardqdong0,14586634928
6000193,41334737,Sarachao794,13795162551
6000194,26772240,Jessicaming015,18679341103
6000195,83215872,Billymin785,18555109518
6000196,73085287,Jackierenna2,13275973316
6000197,55048828,Pattychao027,18761219980
6000198,28495673,Garrettdxiao8,15958600457
6000199,1058703,Ronaldcdai0,15692883059
6000200,18588477,Marthagangbai7,13469183521
6000201,18566642,Jenniferxiaqin9,18593473210
6000202,3259863,Zacharyyong808,14541469062
6000203,6797577,Jeffreyyong584,18939365577
6000204,82084738,Alexisnzhang4,15086511450
6000205,16348745,Sarahyanguo2,13367135342
6000206,85807709,Christopherweishao4,13663213203
6000207,87615319,Codymin112,13872532571
6000208,59080466,Robinli750,15286386949
6000209,52852848,Nataliexiulan924,13224516519
6000210,48123624,Robertlkong1,15683699823
6000211,18377798,Patrickna370,13843980714
6000212,18725438,Cassandralinyong3,18296890475
6000213,7716683,Christopherkongxiuying1,15383047853
6000214,51113186,Matthewjun352,18644550767
6000215,55106054,Hannahnxie9,15627311011
6000216,65806258,Christopheryuanli7,15761140430
6000217,66998853,Barbarachao382,15383761698
6000218,30508507,Robertowu9,13881124225
6000219,11422853,Matthewjing528,15872439709
6000220,4882862,Alyssafangxiulan0,15759095232
6000221,3882740,Michealxiagu4,14754211179
6000222,71584744,Lisajuan907,14708366976
6000223,35238485,Andreasongping8,13233655272
6000224,58502839,Pamelaguiyingwen7,13382935964
6000225,77190918,Latoyaqlin5,13120812484
6000226,1447422,Josephmin752,18508999283
6000227,22162083,Christopherdingping4,15971264755
6000228,81408788,Kennethlei971,18953386328
6000229,48004046,Maryluogang5,18088810839
6000230,7038983,Connienaxiang7,13004465812
6000231,15504197,Kristinfangfang5,15610437208
6000232,25346367,Lorilhou3,14534167568
6000233,90764080,Brianchaosong1,15343931836
6000234,49862171,Ryanszheng9,18780795105
6000235,93584661,Jessicaxieyong3,13931172313
6000236,81163458,Jobyin7,13901255527
6000237,39884107,Nicholaschaomeng2,13728253320
6000238,16170674,Patricianyang4,13964566132
6000239,63512601,Danielwei099,13355828487
6000240,93098021,Christinetaokong2,15385235112
6000241,12317035,Ethanchaoshen8,15973455892
6000242,89044971,Joanxia081,15102516412
6000243,50626939,Christinaifang0,13700176983
6000244,66049968,Anthonyrjin5,18019806750
6000245,22643537,Ashleyfang872,15963719126
6000246,24827270,Matthewdyuan5,18835083386
6000247,54646865,Victoriamengxiuying9,14578104244
6000248,28533320,Erikajiexiong2,13715481933
6000249,24428095,Colleencaoguiying4,15678308335
6000250,9626195,Tiffanyjzou8,15392163493
6000251,71943855,Williamxiuying917,18092742788
6000252,35628170,Edwardsongping6,18589058886
6000253,75490027,Loriweijie1,18064170974
6000254,984706,Walterqtao2,15874213885
6000255,62971768,Albertxiulan148,18640428906
6000256,39076373,Katherineyongfan5,14750727723
6000257,16405813,Sandraxuexia9,13861029870
6000258,51800369,Michealjie455,13568659927
6000259,93962285,Williamuchen7,13809232027
6000260,6283414,Sheilatangna3,14799775087
6000261,67473847,Brentxiulanlai9,13118437570
6000262,20054885,Justinzdu3,18129728385
6000263,16301832,Brucecli4,13547812807
6000264,3760758,Nathanielkfan3,18991644535
6000265,5570669,Jessicayan909,15235435708
6000266,43707881,Rubenhlei5,13141426610
6000267,57246604,Joshuaaliu6,13235424811
6000268,91383419,Danielliujuan5,18622510931
6000269,67029303,Samanthagbai4,15111004413
6000270,61542471,Timothywei740,13797658104
6000271,97248385,Catherineweimo0,13406946732
6000272,96273173,Toddnliang8,13035609247
6000273,666374,Johnizhong2,13797361767
6000274,14952760,Sydneyjyu8,13046284722
6000275,64443942,Sarahnacui6,13466015652
6000276,20393434,Josephuwen4,18119768305
6000277,62572972,Timothykzhu8,13519164249
6000278,67242993,Alisonmingsong1,18712688332
6000279,17482936,Austinxiuying515,15997497989
6000280,53076274,Danawangna7,13474656039
6000281,82388270,Kendrajun109,13294896026
6000282,40987460,Adrianpingding8,13671102055
6000283,26375212,Scottlinqiang0,15382311547
6000284,43849352,Gregoryguiyingshen3,13717976088
6000285,93626224,Justinpingxiao1,15238021069
6000286,50077519,Michaeldongna1,15668554418
6000287,15524911,Jerryuyang9,13792015047
6000288,89872765,Matthewlinfang6,15030646525
6000289,57105970,Josephweiqiu2,13737293693
6000290,47860193,Zacharywangguiying1,13262579047
6000291,31665414,Kimberlyli554,13720912102
6000292,59980711,Kimberlyptian4,18688791794
6000293,88909257,Jessicajiangqiang8,13437321403
6000294,17861809,Leahping949,15831148331
6000295,8462909,Annaguiyinglei9,13218598830
6000296,80290858,Jacquelineypan3,13545135371
6000297,74372218,Christopherping825,15007130388
6000298,41831380,Tracyjing818,18573102501
6000299,36317752,Patricksongyang8,15109015590
6000300,84162366,Brendatxu4,13679399461
6000301,25349139,Samuelgwu8,13404859027
6000302,34626696,Wendyyong634,18144455099
6000303,55299510,Jasonminhe2,13057995805
6000304,36517749,Jenniferyang615,15347676736
6000305,68624637,Dorisjiejiang1,15832223474
6000306,33013268,Matthewshiming2,18740289902
6000307,8904911,Ashleywenguiying4,13490522027
6000308,67188376,Anthonyzqiao4,14780268261
6000309,11666950,Nancypjiang4,18604943391
6000310,78435476,Elizabethekang3,15237627896
6000311,20323950,Annaqiang143,13369824436
6000312,80420217,Brendapshao3,15177929369
6000313,39646071,Jessicashu7,18844177464
6000314,25597721,Susandwang6,18596748837
6000315,98446759,Jennamingjin0,15883622618
6000316,97555674,Erikfangzou7,15642110257
6000317,69398544,Amandakliao4,18147624302
6000318,49610499,Stephanietaojun7,15562726979
6000319,54557307,Christopheruwang3,18783939506
6000320,20620578,Loridchen0,13977178292
6000321,84360519,Rodneyna037,13339894320
6000322,18254341,Josephqiang057,13360935290
6000323,66569879,Joshuaxtan2,18566836245
6000324,3982587,Traviswei035,13336054488
6000325,90424199,Yolandaaqin4,18238306140
6000326,78933347,Juliexiulan370,13700150056
6000327,94563290,Beverlylaili3,15665997450
6000328,61893153,Williamzhangxia2,13543126401
6000329,48485920,Aprilmengjie4,18226453352
6000330,97118121,Andreawanxia6,13511294924
6000331,83371011,Barbaraleiguo4,13594837425
6000332,76788178,Dennissongmin6,14592798346
6000333,29837465,Jamesyantao7,13746534226
6000334,95447100,Kendraliyao0,18182587256
6000335,18779691,Haroldlinwei5,18109616332
6000336,27518083,Davidsunxia8,15824176017
6000337,14750212,Tonirsun6,15007832474
6000338,39515834,Normanzyan4,13085581276
6000339,59179467,Deanzhao7,13251871284
6000340,52923814,Angelguchao2,13218525912
6000341,46176028,Jeffreytguo7,13848967673
6000342,67252992,Nicholasjie849,18795986122
6000343,49635980,Sandraliujing3,13455321516
6000344,69862007,Yvetteleilin6,18583869121
6000345,11640493,Mirandayangu5,15860600518
6000346,35682998,Michaeldlai2,15987611014
6000347,81198689,Stevenli352,13832745016
6000348,49893496,Cameroncaoxia6,18981351451
6000349,52998652,Richardlei262,18889163082
6000350,53364289,Carolynbwen9,15041233047
6000351,75256463,Jasondtao0,15235018557
6000352,7389993,Antoniokongli4,13696218934
6000353,41509104,Joseyexia8,15919416261
6000354,13159801,Jamesxiuying571,13253597643
6000355,32299762,Andrewxiulanwan9,15686871641
6000356,97050599,Michaelchengmin3,15052219527
6000357,58905241,Davidxiaqian8,15966780497
6000358,19092591,Brittanytanjun9,15747925030
6000359,50644728,Maryvdeng8,18915789357
6000360,92251649,Carljuan905,15271724785
6000361,72737798,Racheltao899,13555869043
6000362,35441786,Dennisyanfang6,14553776962
6000363,66647102,Aliciaxiulan451,15681281858
6000364,63810530,Kevinmengchao6,15183261646
6000365,35601883,Markchangxiulan9,15107825442
6000366,83989339,Eringangtao9,13188951811
6000367,61269736,Kayleewangtao9,15206292853
6000368,39803054,Juliajun798,13803369509
6000369,87111262,Susanxiexia4,15680957041
6000370,86963381,Susanxia212,14541456517
6000371,82358198,Monicanchen7,14528731916
6000372,20202910,Kellychenfang1,18041765861
6000373,35886570,Michaelgli0,18215279294
6000374,74014323,Shawnnxu8,13459932068
6000375,99045586,Michaelyuanming3,18769916783
6000376,85548169,Ericfangzeng7,13036346633
6000377,1489026,Kendratzou0,15944198248
6000378,22295972,Anthonyulin5,13307149259
6000379,66743781,Ginavyan8,14562283631
6000380,36913961,Kimberlytaogang2,18540432362
6000381,69177507,Michelleguiying301,18779060129
6000382,10881095,Jeffreygwang1,15078764143
6000383,9700321,Andreamqian3,13657258196
6000384,38062308,Alexandramingluo8,15157325638
6000385,51342272,Kariqiang932,15028333052
6000386,91721228,Peterpliao7,15730078863
6000387,68531690,Hollyedu8,18230224338
6000388,73460640,Taylorqiangliao3,13570889844
6000389,77438119,Robertwangang1,14517136140
6000390,28438182,Bethanyjun215,13221505976
6000391,41502310,Kimberlytaolong6,18501963877
6000392,3233696,Billydxiang0,18117275203
6000393,1407075,Jamesbqiao4,13676098320
6000394,18769920,Michaeljing698,15971042100
6000395,10694763,Carolchaogao9,18821317714
6000396,95178288,Kimberlycshi2,15136417260
6000397,33109381,Bethxiulan051,15009553981
6000398,73777489,Ianqpan3,15163147047
6000399,91531858,Rebeccazhaojie6,15203368182
6000400,58453964,Shannonzhangchao0,15949135066
6000401,15883407,Sarahpfeng5,13634854503
6000402,59390725,Kristybaigang1,15723212650
6000403,42776581,Marcusfangfu1,18604086826
6000404,94688146,Amyjunli6,18054853893
6000405,31795272,Danielping971,15904168977
6000406,88751085,Robertmingfang5,18290127639
6000407,61599468,Jeffreyli516,13946012229
6000408,25475364,Laurakangwei2,18098353371
6000409,31370004,Amycaojing1,18081842241
6000410,36449897,Brianxiacao3,13056198276
6000411,39487445,Trevorchengmin5,18835928209
6000412,55387552,Brianping940,15341018012
6000413,77533524,Jessicawanwei5,18102743253
6000414,173124,Kyleminhu3,13435324090
6000415,48632935,Samanthaxiapan3,13984639871
6000416,5502455,Meredithnahan0,13705242670
6000417,95874746,Brettxieyan0,13678198439
6000418,85792159,Lorinahu9,18100586594
6000419,57408064,Anthonyfang200,13130040935
6000420,23811850,Allenyangna1,14585641120
6000421,96372913,Shaunmajun0,15352639291
6000422,46179210,Rebeccajingwan9,15308190863
6000423,31296441,Katrinacxiong3,13115606469
6000424,72422199,Kathleenjielai2,18993021600
6000425,81349463,Lisayangjia1,18892094940
6000426,23851610,Jacobyang031,15502822949
6000427,17200356,Codytaojuan3,13367996771
6000428,43209293,Daniellei765,15219950071
6000429,65171141,Amandaxiuying506,18782748942
6000430,81904761,Frankyanhuang6,13778014719
6000431,15090416,Jamesyxia5,15093053994
6000432,5218417,Steveshiwei8,18511514775
6000433,20316051,Carlxia854,18203085351
6000434,36848065,Andrewuzeng9,13578495762
6000435,86490627,Maureenjuan665,18257936151
6000436,3972472,Mariexueli8,13841485200
6000437,83537837,Barbarakzou2,18171200304
6000438,3998335,Rodneyyong431,13862180093
6000439,47324497,Stevenluotao7,13681289486
6000440,37959937,Barryleiliu2,13250802529
6000441,71331645,Jaredyongtao4,18786632800
6000442,34081785,Devinyaona8,18525395822
6000443,39868329,Charlesfliao0,14525881189
6000444,78142008,Rebeccaguiyingfeng0,18800593716
6000445,80349099,Jenniferjie714,13685053231
6000446,40381411,Anneqinfang7,13405792894
6000447,3460108,Kellixia492,13839209745
6000448,11493716,Jameschao870,15162895423
6000449,72139301,Angelajunyi5,13238498765
6000450,37257064,Ashleyjingang5,14583000169
6000451,66240624,Oliviafangliao4,14522034471
6000452,44595241,Amberliangli0,15125905867
6000453,52031021,Davidxiulanhe7,15392365155
6000454,12203963,Brianxiulanliao3,18702796047
6000455,17319980,Kyleiqian2,13622302502
6000456,65038468,Rebeccaguiying116,15504134283
6000457,46626202,Juliegang614,15290744725
6000458,27017821,Stephaniemin412,18802552906
6000459,99158392,Cheryljunma8,18716641742
6000460,77181893,Michaelshaoming4,15636679058
6000461,80893547,Josephpliang7,18249571250
6000462,70046342,Ronaldxiuyingshi1,18898173832
6000463,70514827,Jenniferozhong2,15013031183
6000464,53366399,Christopherjie330,18205019170
6000465,42568612,Patriciayan098,15297271584
6000466,5757183,Jeffreylliao2,15765218323
6000467,80950790,Jamesmingzheng1,13779215497
6000468,27812662,Lauramin569,13572594841
6000469,81162895,Charlesweifan2,15225720495
6000470,16796607,Jenniferfang159,15917542040
6000471,47164017,Michaelcaoxia5,13772415399
6000472,82413675,Joshuaqiaojing2,15530550521
6000473,96126165,Taraminlai7,13267564491
6000474,7133046,Jeremiahhuangjuan1,15557537369
6000475,12824540,Madisonping870,18632668544
6000476,260008,Lukeyongxue1,15998060152
6000477,74333653,Jenniferlei395,18584102408
6000478,15940384,Johnjuandai1,15885934353
6000479,24037730,Theresavqiu1,15856754631
6000480,18428360,Coltonjingluo5,13474963365
6000481,79821186,Jamescgao1,13962013892
6000482,5068180,Gregoryfangliang2,18872691400
6000483,31796019,Lauramengmin2,13571855504
6000484,39992772,Nicolegangli9,18286975442
6000485,4901846,Micheleohan1,15307153495
6000486,18009064,Lauraxiuying928,15831220617
6000487,16956759,Kevinyongtan3,13760166357
6000488,81335619,Dylanyanhou0,15579699368
6000489,98173273,Justinjing416,15262052286
6000490,87625653,Carriebkong3,14500192257
6000491,70714708,Krystalpingfu3,13879671998
6000492,23598584,Melissalei723,13269914689
6000493,29019571,Emilydzou3,18713091486
6000494,13071578,Katelynzliu2,13050053909
6000495,91237125,Kevinqqian9,13366304168
6000496,49072013,Deborahckong8,13528033208
6000497,69375163,Sarahvlai7,18864411838
6000498,98771929,Tammyqli7,13351876135
6000499,45172021,Lisana718,14582299341
6000500,25267747,Laurenyong618,15697013866
6000501,10947937,Brianrye1,13984431778
6000502,65942666,Donnachao317,18061050802
6000503,90959813,Justinleichao9,13153522417
6000504,29910946,Stanleyyanguiying9,13197539851
6000505,81908561,Miguelgangcui8,13114464074
6000506,36106660,Christinaliuguiying6,13148602596
6000507,77598288,Elizabethjyan5,18150479179
6000508,47806368,Valerieyongtian0,18952235544
6000509,9173026,Bobbywdu5,13635810218
6000510,29124428,Nancyluoxiulan4,15351939081
6000511,51814373,Debrajun055,15602158143
6000512,91824141,Nicholaslsu4,13973125105
6000513,56154931,Kennethqguo4,15339206886
6000514,88135410,Austinzhuxiulan0,18060399447
6000515,76002120,Michelexiulanhuang1,15977764037
6000516,50801374,Michaelxiulanyao7,14579996459
6000517,11566694,Keithnqiu2,18129461145
6000518,98817566,Bethanymin353,18133312193
6000519,61116979,Jessicaxiulanxie0,13808848421
6000520,88156491,Madisonqliang6,13463912749
6000521,53913258,Kayleeyang949,14523830416
6000522,25852363,Saraliuli8,13124507054
6000523,42108474,Christopherlujuan1,15283235941
6000524,72715253,Haroldchengjing6,13965301175
6000525,96461389,Laurazengming4,18505885282
6000526,45178931,Aaronshixiuying5,15209230744
6000527,4877134,Codyjun366,18908313114
6000528,66931751,Mariolzeng5,15233017377
6000529,39423405,Justinxiuyingjiang6,18629865174
6000530,24298919,Corychao213,18142285617
6000531,77835109,Paulfanyong5,15133289674
6000532,49160512,Gabrielfanping0,18727744966
6000533,32957167,Jerryqxiang9,18720490093
6000534,23749788,Sarasuping6,15535794227
6000535,73825319,Kennethqiang036,14549274236
6000536,2708935,Michaelqpan8,13488076868
6000537,54580053,Alexxiulan102,14755514504
6000538,7597732,Brucechaojiang2,15807681508
6000539,69418594,Brittanyyegang7,15143749845
6000540,60303387,Bettytaojing6,13056338012
6000541,69223846,Jerrylei066,15628882890
6000542,66194286,Joeyongduan5,13760817655
6000543,53033628,Kendraaxia2,13847251291
6000544,61214101,Cheryljing305,13791755164
6000545,87416305,Michaelwugang7,18291320722
6000546,7388507,Michellejingqin9,13537202553
6000547,74925926,Tylerwei553,18617707727
6000548,97632955,Brianpdeng1,15878230948
6000549,81098392,Sethping757,15748026238
6000550,59487906,Amberpengguiying6,18866475755
6000551,33196428,Alfredfangzhou1,18872196183
6000552,32737998,Sarahtao446,15242533633
6000553,3152805,Waltermduan9,15829845324
6000554,12114610,Valeriexiulanyang5,13771315669
6000555,13658397,Ashleyjingcai8,13807075627
6000556,70567489,Richardmingjia7,18643573949
6000557,29200917,Coryping367,13780593688
6000558,23089075,Jamessliang0,13894401925
6000559,61658264,Ronaldxiuyingxiang4,18013924603
6000560,8757340,Rebeccayongwen6,15252885586
6000561,40604589,Stevenpxue7,18639147199
6000562,74160945,Jamesyan439,13210935805
6000563,49609103,Douglasyanjie0,13132380095
6000564,23750111,Jacobyongsu3,13376903735
6000565,3811023,Earltao663,13534807353
6000566,29410200,Sarahjun438,13462855140
6000567,48318822,Michaelleiyong7,18568284608
6000568,9286412,Rickycuili0,13914767283
6000569,23810068,Shelleygaona9,15888139148
6000570,12589012,Jamesmajun9,15717448739
6000571,44680787,Kellyxiaotao3,15901562308
6000572,71105413,Michaelujin3,15169719531
6000573,37203139,Jasmineqzeng7,14505267077
6000574,6207953,Brittanyxiulan822,13025951163
6000575,7265471,Martinjingyu8,13443325820
6000576,6343422,Kellypchang0,15186123749
6000577,1285604,Sheilawenwei7,13678648077
6000578,11902409,Kathleenmoming7,13225957791
6000579,5793242,Jameschengguiying6,13278246255
6000580,62384537,Thomasjingdeng3,13615307384
6000581,95068329,Kristinjuanfeng3,15110058363
6000582,29274239,Gabriellancao9,13004773350
6000583,68642235,Mariabmeng3,15210120522
6000584,81346943,Brookekangyong1,15350485982
6000585,98289691,Jasminepinghe2,13121706379
6000586,90469077,Sarataogu2,15154119639
6000587,61543881,Carlachenna9,18165970737
6000588,9274112,Judyjie969,13648386366
6000589,45566387,Brandijinglei0,18762471501
6000590,58251607,Courtneypengyang9,13089959638
6000591,88184807,Richardping613,14752384485
6000592,31084161,Angelaxia298,13604460260
6000593,21233159,Brianjie862,13956026595
6000594,65342664,Jeremyguoyong5,13448912605
6000595,53595317,Stephaniejun444,13175650683
6000596,90086748,Lauraming667,15123685506
6000597,26508832,Danieltkang6,18806758078
6000598,79051118,Robertmin029,18703415200
6000599,46254344,Stacyzliu2,13869326385
6000600,72492628,Staceyguiying043,18788086430
30000001,24777261,Brittneyyonglu6,13760801863
30000002,54718753,Amberkyi6,18920648565
30000003,79558440,Victoriataoxiang1,18516063572
30000004,36004874,Dennisna320,15561292709
30000005,60940162,Hannahphe0,13237926472
30000006,5080274,Natalietaochao9,14573144947
30000007,53789693,Jeremyxiaojing7,18652398737
30000008,43686513,Deborahjchang4,13983041350
30000009,56004335,Brendaxiuying599,18545649797
30000010,95275734,Robertnazhang5,18922159384
30000011,96071922,Rachelyong637,15801721522
30000012,99106782,Alexandrataomin5,15138006259
30000013,86027977,Dwaynehxiao8,13549458710
30000014,4319795,Barbarataofang0,18267770809
30000015,65672686,Andrewgang855,14524264139
30000016,75926267,Stevenyan200,13235993983
30000017,79414043,Ericli610,18224904852
30000018,823760,Garyxiuyingye2,13723374649
30000019,50125777,Josetao647,15702313725
30000020,15259530,Briankye7,18112349730
30000021,8265487,Nataliejialei6,13498823542
30000022,86314237,Davidxia372,15253229423
30000023,30117426,Kimjuan656,15890313771
30000024,65039601,Michaeljuanma0,13681795528
30000025,63791877,Heatherfang840,18028171798
30000026,74262939,Karenyang925,15607176224
30000027,56847390,Evandwu2,15534552770
30000028,29414857,Melissataozhong9,18090740107
30000029,78221567,Robertmcao7,15937299991
30000030,79471619,Jamesxyang8,15375164246
30000031,11752820,Calvinmmo5,15827311463
30000032,33534886,Danieltyin1,15330738503
30000033,15830609,Brandonxiatian6,18662697558
30000034,50759095,Mariojiesong1,15021583344
30000035,2158891,Maryhaoyan7,15852767854
30000036,87075991,Josephjuanwu1,18139913265
30000037,4095675,Ericansong3,13494948206
30000038,3355985,Christopherxiulan904,18947679256
30000039,62690065,Francesfmeng9,15690098237
30000040,2049939,Ryanlei854,15210008532
30000041,91233950,Jasminxiulanxue7,15019491531
30000042,23296763,Michaeljingshao2,15756677504
30000043,87579123,Charleszhouyang6,14553230672
30000044,57687544,Deannauzhao3,18593301205
30000045,86137645,Abigailuyao4,15166183953
30000046,63155693,Cheryljun928,18082839102
30000047,62715997,Cynthiarpan1,15658554335
30000048,83615207,Stephenqinna5,13451015630
30000049,9501201,Joshuatanggang6,15201957614
30000050,71741352,Nicholasatian8,13491358475
30000051,46925961,Michellexuelei1,15998757531
30000052,93695343,Adamleilong8,18517371181
30000053,56395310,Nicholasminhao3,15749048684
30000054,54626928,Jessicayong884,13868615313
30000055,3356074,Jessezhuxiulan2,15368755966
30000056,10694190,Melissaeyu7,15311681835
30000057,9722712,Anthonyumeng9,15714958119
30000058,93721301,Albertpingye7,13145732945
30000059,52636233,Melindauxiong9,18807967576
30000060,83176753,Kaylaxhan4,15596534787
30000061,58065365,Alexismindeng9,13269159438
30000062,15435422,Gregxiulan205,15328687972
30000063,59770510,Robertyan496,15364270812
30000064,51912635,Laceyxiaojun6,13797908264
30000065,26955919,Andreamyang6,13285947769
30000066,47678668,Amandafzhou6,18285456077
30000067,93077255,Meganjinmin3,18154359861
30000068,43784639,Susanqinguiying0,13040585332
30000069,67687527,Alexandratjiang0,13171134907
30000070,19956220,Brittneyfang217,15610559886
30000071,70746907,Gregorypingxie7,13929203937
30000072,44697075,Jenniferli390,13055966287
30000073,16052321,Toddryao4,13842683001
30000074,17270335,Markxiulanpeng9,18736179521
30000075,43326044,Jefferyweihe7,14539143312
30000076,14495502,Davidyan619,13714606581
30000077,62691321,Heidisdu6,15165331478
30000078,3074367,Janetczhou9,15006583351
30000079,57773698,Matthewajiang8,18189975167
30000080,48440257,Reneeweizou4,13351904019
30000081,53681584,Shaneilu4,13609915424
30000082,75251451,Antoniona981,13307948055
30000083,52652233,Jonathantfan1,15593731645
30000084,70168242,Loriktan6,18251922632
30000085,24218351,Jessicawei666,15244870965
30000086,1630848,Rebeccaxiafang8,13624895675
30000087,71392998,Toddjunmeng3,18086005302
30000088,70466829,Kellyjie027,18712142673
30000089,65660454,Danieltao766,13349688410
30000090,41905395,Glendaguiying394,15788391644
30000091,59723820,Charlesxiuying031,13425877683
30000092,96986745,Thomastyan4,18753764609
30000093,90955341,Jasonyandeng9,15954331283
30000094,83848643,Christopherliduan3,15109314725
30000095,89279335,Lorilishi0,18055160472
30000096,35479932,Kristinyanzhong1,18779325010
30000097,43187294,Destinyjunzheng7,18610899408
30000098,90954016,Amandaxiulanhu1,13399919460
30000099,4021889,Matthewmxie4,13063604451
30000100,80496298,Laurenleijia6,15252226146
30000101,50813780,Melissajiecui5,18127406302
30000102,76830617,Racheldaigang6,18528099963
30000103,60314277,Jefferyjie432,18995679723
30000104,33443393,Mariahxchen4,15575935578
30000105,13240684,Johnzli7,18068100372
30000106,8712417,Jamesjuanyan8,18072052896
30000107,97801054,Nicholasxiangping9,13070238817
30000108,20881474,Lorimingliu4,13476078667
30000109,97368557,Ianyzhao4,13356699405
30000110,96407882,Courtneyyanjie8,13521895103
30000111,51239640,Maryxiaoxiulan4,14590453881
30000112,41072738,Brendaxiulanqin2,15171680999
30000113,65056721,Scottyangma5,15022328018
30000114,17134804,Jonathanleixiuying6,18543036890
30000115,29160600,Raymondegao5,14535298279
30000116,25394351,Maxwellsunxia1,18549326140
30000117,79313513,Larryizhou1,15004899371
30000118,67970605,Justinmingpeng0,13662228838
30000119,59081227,Jeffreyjuanpeng1,14557843160
30000120,43811113,Kathrynsujing7,13104818501
30000121,66550082,Brendazwu2,18189650638
30000122,1020762,Rebeccalixiulan2,15861872077
30000123,49362091,Jasonliangyan8,14569444930
30000124,45385605,Morgansonglei6,15950295922
30000125,89603055,Elizabethjyang5,15593284788
30000126,26329482,Williamxiulanma6,13987474833
30000127,28994565,Elizabethhaojun9,15564651440
30000128,48018449,Kristinaxmo5,13041810738
30000129,71349640,Alanvlai5,13991428219
30000130,57101835,Johnqiangyuan2,13860158090
30000131,61964747,Lisahaoqiang6,15203813514
30000132,92123939,Phillipyan942,13657321254
30000133,63878189,Jeremiahjing175,13813793990
30000134,6307752,Michaelidong4,18899682326
30000135,26419114,Audreyzhongjun4,13897142758
30000136,77500298,Nicholasqiangliang0,15507349535
30000137,7952142,Nicholasjie397,13400064113
30000138,40804118,Saraleiqiang9,15329865787
30000139,74483037,Saragang514,13348293421
30000140,86896504,Michaelrsu7,14758540525
30000141,54450691,Kurtpanfang5,18602538705
30000142,35525578,Dennisyan189,18161606403
30000143,25722260,Lisawangang7,13373180794
30000144,92991347,Kevinliugang8,14703328487
30000145,59398936,Heatherhuangmin3,18857047394
30000146,88777863,Luisxia623,15935374698
30000147,4988243,Camerongang472,13733556157
30000148,4734598,Dianelaiping1,15344903358
30000149,58737194,Angelayuanjun9,13868137388
30000150,39659675,Melanieztan4,13606711606
30000151,67891641,Josephjing337,18879253019
30000152,6931650,Allisonyangwei0,15793026207
30000153,19153933,Pauloxiang3,18219118548
30000154,47604643,Markxiacui9,15220929578
30000155,97727347,Joyggao1,14575903659
30000156,77894434,Margaretping780,14593125839
30000157,71584744,Kristinayongli1,13711586621
30000158,53966568,Juanyujing7,13053631391
30000159,13315764,Laurafshen2,15895313690
30000160,61822665,Karentianjie6,13057339213
30000161,78789210,Elizabethnazeng2,14582143139
30000162,93689359,Johnxsong6,13348792311
30000163,28987994,Chadtaotan2,14724132096
30000164,85845190,Caleblibai8,15523771167
30000165,94313598,Jamiexiulanlu6,18544393224
30000166,54181588,Gabrielwenchao8,14588688994
30000167,11286967,Teresagujun8,15512017048
30000168,40669281,Crystalhuangjing2,15399229090
30000169,94490190,Valerieguiying616,18577656036
30000170,68492557,Todddingyan5,18833574954
30000171,37751234,Rachelxiejuan0,15674968911
30000172,45434396,Lauraduanguiying5,14575128351
30000173,26928142,Erikaxiacheng1,14569802968
30000174,81617647,Josephvlu2,13888699326
30000175,43756643,Karenchao211,13617526087
30000176,84984777,Kimberlyxia886,13169767944
30000177,40887326,Beverlyjingdeng6,15299801618
30000178,27654156,Danielleqiang961,18844433363
30000179,97062011,Luisjieduan2,13131753381
30000180,70290370,Chadyan805,15044982303
30000181,69716805,Davidheping0,15369725710
30000182,12742509,Jessicajunyu7,15981510073
30000183,5085781,Christopherlzhong5,15031348186
30000184,49756081,Amandahaowei0,18879381853
30000185,49541335,Kennethhaojuan5,18113468978
30000186,64676531,Jennifertyi7,13621189580
30000187,25844696,Christophernalin7,15670741723
30000188,68363406,Davidminguo8,13206872952
30000189,14523656,Amyhaofang8,15369445997
30000190,85490130,Haroldjing975,15790754454
30000191,97799887,Maryfuxia5,13592612573
30000192,52804991,Josephjunpeng5,13035472388
30000193,51969745,Maryjyan2,18696325063
30000194,19302089,Amandapingyan3,15058994599
30000195,25667646,Charlesxia824,18754157525
30000196,65049259,Jameschao966,15938053412
30000197,70052565,Catherineminluo4,13493248413
30000198,797948,Juliezhaoxiuying5,15125123002
30000199,37631390,Brianjiekang2,15541942085
30000200,49750379,Brandyfengchao7,15221889547
30000201,62526135,Jaclynxiuyinggu6,13142182627
30000202,77381972,Chrismincheng7,13381672245
30000203,67082001,Lisajuanhao2,13396358223
30000204,99016319,Kevinghuang7,18171276119
30000205,89719541,Crystaltanfang3,15178133212
30000206,80771043,Jessicadaiyan4,13157684874
30000207,32197730,Lindseylaichao2,15051873499
30000208,33615493,Derricktaoyang0,13213761320
30000209,42313410,Christinazhouli8,13571303429
30000210,16905801,Thomasmengping1,13899498389
30000211,25513684,Tiffanyyong100,15395848232
30000212,87167641,Karentao488,15330440099
30000213,56334555,Jenniferping698,13670018630
30000214,81763801,Andrewugong5,18231391097
30000215,10132159,Samuelicui6,18895141988
30000216,48772150,Ronaldyong067,13752642217
30000217,66811046,Hollyjunxue4,15607482050
30000218,97239918,Curtishouqiang7,15572603651
30000219,95831800,Reginagzhang9,14536123855
30000220,314732,Terrifang716,15970184600
30000221,31072465,Hayleyxiulanzhang7,18807920691
30000222,46310361,Michaelzhangwei6,15915776659
30000223,80080794,Pamelajunxue6,13763068321
30000224,82582616,Victorminmao2,13415299190
30000225,74400607,Prestonfanjie9,15521608022
30000226,17414685,Davidweixia4,13392254018
30000227,15359605,Annaodeng1,18831587077
30000228,13523671,Tammyyanhuang8,15375794574
30000229,98270224,Eriktxiong8,13932701513
30000230,48129770,Amandalshao8,13778402349
30000231,16925090,Daniellefuyang2,15092930069
30000232,96141731,Bradleyjiegong8,14703216790
30000233,26450315,Melissayankang2,15220571079
30000234,98064571,Lisatjiang2,14590438935
30000235,89145326,Brookecaolei4,14522925406
30000236,8102461,Larryna532,15687912979
30000237,70342956,Javieryong154,13474125222
30000238,515443,Richardgangma4,15697706855
30000239,91212030,Nataliejiecui1,18569096168
30000240,44249991,Jamespdai1,15757794347
30000241,59513551,Debrajuancheng9,15688909937
30000242,48891745,Sarahfangxia6,18151122460
30000243,18992236,Davidxueyang7,18705849025
30000244,40182681,Justinchao234,13529720124
30000245,98787012,Jeffreylongyang7,15883761583
30000246,9729094,Austinpyi5,18582522910
30000247,91383914,Alanchao799,18177598821
30000248,39535429,Jimlimeng9,18243992659
30000249,68119010,Kelligang610,15701287534
30000250,18872255,Andrewahe0,13775167812
30000251,11302056,Jennyhuangxiulan3,18117760143
30000252,51496623,Nicolehaogang1,14581799828
30000253,40315584,Jasonqiangfan7,18056977130
30000254,22306388,Sharonlixiang8,13297807427
30000255,3891162,Brianegu8,18109342795
30000256,67220199,Christinalei647,18910486645
30000257,86527583,Katieyan498,15765008303
30000258,363174,Kylexiading8,15034214273
30000259,46120922,Susanjing036,15232637662
30000260,12746507,Amberzouyong5,15314633245
30000261,5096855,Carmenyuantao0,18864244293
30000262,67363896,Joshuajunzheng9,14789139178
30000263,10411766,Williammingxu9,15580872645
30000264,43419883,Angelamincheng1,18717487908
30000265,7513619,Amberxia864,13631000604
30000266,43189311,Christinexiuyingma7,14790303623
30000267,12144969,Morganpanxiuying2,15515965875
30000268,1764529,Whitneyyangxiao8,15955208191
30000269,8130563,Joshuarkang7,13128745316
30000270,37205201,Kristenliangchao7,18974432274
30000271,27526408,Richardyuwei8,18995541504
30000272,92782488,Carlaweidu1,13153931534
30000273,9616806,Sandraikang0,13519740664
30000274,83575907,Michaeldjia6,18824569378
30000275,14558993,Stephenvliao3,13671264149
30000276,72925263,Kristenqyan2,18934731912
30000277,72952139,Leevhuang7,18984731112
30000278,85955424,Makaylayanzhao0,13356349401
30000279,76254208,Kylelishao9,18849186218
30000280,94328264,Rebeccamayang8,13371907582
30000281,31539845,Mirandayong281,15966376545
30000282,64040783,Donaldozeng8,15359107356
30000283,60585844,Williamlinyan7,18053510593
30000284,22823700,Michaeljyuan0,15325574127
30000285,59744993,Michaelgang538,13630435324
30000286,607872,Heathermingyin2,15662918829
30000287,26826837,Donaldchaoqin3,18984084587
30000288,73037200,Michaelliaotao1,13704006944
30000289,97741817,Teresachao399,14754381137
30000290,1373141,Lauraweiwu3,18904009691
30000291,94567151,Davidchao434,13626877045
30000292,81941230,Lisaeyan8,18082770084
30000293,66398813,Paultjiang8,13779877883
30000294,76176739,Annaxlong2,15564171129
30000295,63457056,Richardbaimin9,18661472890
30000296,44368760,Jennyliuqiang7,13731335577
30000297,99772895,Angelagangqiu9,13079057992
30000298,73976103,Rebeccarenwei1,14742924839
30000299,86179744,Pameladongyong8,15803815427
30000300,90257261,Caitlintaomao7,15228359726
30000301,75209155,Vickiluoyong6,14524325525
30000302,10659588,Justinyongqian7,15395533507
30000303,19712239,Jesusgjiang3,13976203815
30000304,25074376,Ashleyming810,13175097633
30000305,31592413,Tinayong049,13868667680
30000306,15615527,Jeffqiang943,15598442174
30000307,42940036,Markjuan698,13646414196
30000308,97180951,Emilyizheng6,15079563213
30000309,5114047,Tanyaguiyinghou4,15529171475
30000310,66778462,Arielfuguiying5,18684187270
30000311,59518549,Ethankongjuan0,13139584196
30000312,83882340,Anthonywuwei1,15125383673
30000313,53650375,Reginamowei8,18194969929
30000314,99593698,Williamkluo5,13623689970
30000315,53830913,Thomasjie476,15786737166
30000316,94919967,Emilychao533,18931076048
30000317,24320771,Andrewguiying891,18109629926
30000318,42450658,Michaelxiulanxiong1,14707854273
30000319,12309696,Ashleyzhengyong4,14529216869
30000320,45919725,Crystalminhou1,13344804181
30000321,83568862,Ryanmaofang1,13027937630
30000322,48871150,Jessekqin6,13859430203
30000323,42929826,Darrellgtian9,18155364588
30000324,73911272,Kyliehouqiang9,13871593610
30000325,39306937,Jamiegwu4,13192224372
30000326,69121395,Nicolebjia0,18929428224
30000327,20960766,Amberfanghan5,13503442241
30000328,63530087,Robertvbai1,13638946868
30000329,574570,Laurenjiezhong2,15763294947
30000330,69498770,Michellepinglai3,13625681309
30000331,98483990,Samanthafengjie8,13330814848
30000332,48339223,Jacobmsong1,18967421460
30000333,69887406,Danielyangfan7,13111877677
30000334,74770663,Amyxiuyingma9,18743703558
30000335,9676695,Rubenxiulan828,18731467483
30000336,16964600,Deborahocai1,13152915601
30000337,7679780,Pamelayong444,13496832703
30000338,97522317,Haroldxiulan244,15163601441
30000339,35443674,Dianejuan771,13166372430
30000340,77402141,Tylerpingqin3,15584723602
30000341,15313638,Amandaushao9,15925509636
30000342,56675399,Christophereqian5,18270048700
30000343,70999068,Alexandriawangguiying9,14595748000
30000344,6103514,Antonioqdai1,15767542269
30000345,4205999,Feliciana395,13724817768
30000346,16041790,Nathanjuan732,13898269365
30000347,3011928,Christinaklong8,13685838542
30000348,83044144,Nathanqiaofang8,18702112708
30000349,22586186,Amandayanxia1,15514198723
30000350,92108783,Christopherfang467,14776242200
30000351,46709264,Andrerjia7,18652104890
30000352,98444274,Sandyna126,15824082871
30000353,18811926,Chrisyandeng0,14525285304
30000354,99430399,Angelshiguiying1,18064365588
30000355,70062465,Jacquelinesbai0,14570111441
30000356,67652495,Laurali059,13923906293
30000357,33922249,Beckymengping9,13524465027
30000358,48683623,Johnjingzou7,18907472044
30000359,66997290,Matthewdongjuan9,13514450128
30000360,10180495,Davidjinfang5,14502932896
30000361,83901355,Michaelguiying242,13138056294
30000362,6234805,Ianna156,18682444816
30000363,24387965,Karenjliang2,15849164178
30000364,50143238,Joshuawgu1,15913199472
30000365,75965099,Evelynqsu6,13476516956
30000366,46190802,Leslieminsong5,13276077705
30000367,23646308,Andrehfeng8,15973771183
30000368,87956450,Jacquelinebaixiuying6,13062037598
30000369,86308397,Jennaping289,18223962929
30000370,34304389,Johnqianxiulan3,13268873236
30000371,11723219,Davidsliang9,18134102092
30000372,59286493,Kimberlyyongxia9,13720696217
30000373,655170,Jeanetteligang3,18103509882
30000374,80554035,Justindtang7,13174204042
30000375,18200409,Ericjuanxu8,15691021491
30000376,36396481,Allisonfanglei0,15624999110
30000377,25694741,Vanessayuangang0,13718000970
30000378,37503857,Chasedengli2,18184165431
30000379,72112755,Jaredihuang8,15094809648
30000380,2534695,Jeremytaozhang2,14509074827
30000381,9879249,Susanjinglong1,15950162669
30000382,96873304,Kristenzhan9,13725415849
30000383,13351816,Nancyhlu6,15231749009
30000384,80543558,Jamesgzhong6,18013521732
30000385,33753157,Heathernazheng2,18930936697
30000386,42933519,Daniellejuan007,15853203395
30000387,9346154,Jeffreyvyan7,15717682585
30000388,53846969,Nicholastdeng2,13478441811
30000389,69992148,Travischaozheng9,18894697355
30000390,18963748,Stephanielixu1,14541478676
30000391,4155683,Kurtleiyin1,15989019685
30000392,8126238,Timothyxiulan355,13508375091
30000393,59422471,Jessicajun315,15022759099
30000394,79636407,Jacquelinefangma7,13068650332
30000395,58245767,Codyxiuyingwen2,13105257828
30000396,69812613,Patrickcailei4,18264845420
30000397,8619938,Lauralei974,18178438944
30000398,88725734,Taylorminjin2,13116793549
30000399,17087919,Jonathantianmin6,14767721397
30000400,66090397,Vincentmzhu1,15644023676
30000401,76058882,Ryanweima8,15336466351
30000402,7849893,Glennfcheng9,18550181791
30000403,14378638,Ericleiliang7,13030418683
30000404,48135610,Jeremyxiuying500,18525058168
30000405,48673419,Laurensluo5,13464641801
30000406,53796929,Haydenmindu4,13833809047
30000407,48650465,Darrenwdai5,15987897237
30000408,49029376,Amyping655,13701449327
30000409,44779979,Robingang747,13194942989
30000410,49564419,Wendyhyu7,18054395646
30000411,31309417,Shannonyan403,15912606511
30000412,79372916,Vincenthzou4,18211835494
30000413,56758542,Jasonweitang8,18850028649
30000414,88904696,Soniaping687,13624832842
30000415,64108070,Samanthayongkang3,15829907411
30000416,5750689,Charlesyang409,13256091083
30000417,589567,Melindafzhang2,13356805196
30000418,92640474,Michaelchao760,13407955745
30000419,36507757,Jessicazengli1,13119442694
30000420,50777693,Kathrynyexiuying5,15663337575
30000421,62466745,Monicamengchao3,15249641925
30000422,57321363,Kristinoxiong8,15237044333
30000423,78712478,Paulawei388,18870946553
30000424,81946334,Juliazhouming1,13323427571
30000425,68321949,Megankongjing2,13924094327
30000426,27583890,Carloslei442,15104332497
30000427,72931257,Ericalichang0,15787704668
30000428,55453318,Marciaubai4,13587297083
30000429,52025587,Michaelzhumin2,15182336242
30000430,36397235,Juliajie877,18717660939
30000431,56381689,Carriefang269,15906462434
30000432,44063214,Ericyan546,18881859501
30000433,52486791,Debralei180,13534680766
30000434,46222060,Larrychao532,18149231727
30000435,8578112,Kathrynxiasu0,18651614268
30000436,71748412,Gracekma2,15906774520
30000437,93623520,Jamesyangren2,18272413046
30000438,25853209,Danielqiangzou0,13582284852
30000439,69310218,Jessicafangjun8,13903379768
30000440,1102819,Jamesygao8,18027522710
30000441,75250881,Michelleluyan0,13278376111
30000442,48348089,Johnli441,14528657446
30000443,82860882,Heathertaoqiang2,13409365415
30000444,79829663,Rhondalei599,15546993689
30000445,92068407,Aliceyixiuying8,13267259387
30000446,29492435,Jessicatshao2,18820468889
30000447,88079295,Gregorycuili5,18903529518
30000448,40273273,Terryyanbai2,15620308313
30000449,92569898,Mariacshao3,13829722277
30000450,66211365,Kimberlyfang527,15023895653
30000451,46394491,Andrewlei961,13389769904
30000452,77364210,Oliviayongxu7,15807090234
30000453,91050700,Veronicaxuechao9,18181528806
30000454,74982776,Blakeidu3,15912385030
30000455,12737079,Patricialiuming1,13669576346
30000456,29288281,Davidshina2,13697261469
30000457,55339322,Stevenjing491,18004413609
30000458,19374796,Nicolefanqiang6,18669526106
30000459,13316044,Jamessujuan2,18029757898
30000460,45898174,Dawnjuan798,14571150710
30000461,68800987,Georgemengyang6,18005115403
30000462,41486405,Charlesli782,18670226704
30000463,78937444,Beverlyyanxiuying4,15745250968
30000464,92181625,Kevinjye9,15573055388
30000465,76048265,Sarahezhong4,13818816614
30000466,58086643,Rickyqinyang8,14779564986
30000467,13152154,Nathanielguiyinghuang9,13609455535
30000468,86165686,Andrewweiqiao8,15737482357
30000469,15335791,Morganjing616,18895798324
30000470,23919877,Williamnatan0,15648952157
30000471,25723106,Aliciahlu4,14500121943
30000472,99651992,Caseyfengmin6,15649834141
30000473,5508136,Samanthaegong0,18779331711
30000474,99385101,Omarrenjing9,13782300262
30000475,26673752,Desireejuan733,15746082537
30000476,44592264,Markmingbai9,15502912605
30000477,65401064,Teresaliulei7,18023626968
30000478,520966,Ricardominma6,18735492409
30000479,39996114,Patriciayonghao5,13922030924
30000480,4930457,Valeriejingzhong4,13036061058
30000481,81691272,Bryanxiulanwu2,18701489113
30000482,86292566,Nicholasmdeng4,14780282020
30000483,49290615,Johnxiulanbai6,18218272894
30000484,58431474,Vernonqiang937,18230476514
30000485,356749,Amykma4,15883672997
30000486,43368006,Nicolexiuying719,18131640200
30000487,36746729,Matthewwtang7,13760281589
30000488,19662596,Shannonyan640,18517173861
30000489,21568169,Chloemaguiying0,15144527043
30000490,88130507,Christinapengxia7,18163962012
30000491,85584020,Jennifermaxiuying1,13591040574
30000492,50901661,Keithchao159,18757075550
30000493,15093912,Davidweixue5,13685561474
30000494,38125737,Angelachao112,13833460550
30000495,25207590,Jenniferswang8,13773786371
30000496,87641721,Andreahwan3,18065024976
30000497,66066446,Nicholasguxiuying3,18633700163
30000498,67064816,Karlajinglin0,14747604176
30000499,12665341,Matthewqkong6,13122430413
30000500,19979922,Michaelyanduan2,13917314378
30000501,58336830,Dianaxiuying649,15667172085
30000502,99345808,Kristinajie599,13337919351
30000503,59977506,Nicholemingpan4,13939945836
30000504,84536242,Amytao845,15857129013
30000505,13639433,Benjaminmin443,15685893236
30000506,50967957,Stevenming084,13817540062
30000507,94188431,Stevenxiuying580,15347907445
30000508,54453807,Shannonguiyinghou4,14500163798
30000509,76539435,Darlenezengtao0,14757448651
30000510,51362355,Christinakonglei9,14555424401
30000511,46533937,Thomasyaoli5,14546820578
30000512,11657941,Mariechangfang6,15116061369
30000513,81862030,Stevenmin948,14539412938
30000514,54411586,Kellyjing503,18272902047
30000515,62573979,Ericlumin1,13746460585
30000516,4680437,Denisenqian8,13664659042
30000517,52612732,Brendayan808,15817199813
30000518,49185133,Rogerjuanwan2,18607697137
30000519,53348623,Kaylapangang6,15000547906
30000520,30484344,Gwendolynktian1,15574008355
30000521,47190092,Christopherxiuying931,15675767968
30000522,66449324,Kimhaoyang5,15279787365
30000523,64871509,Stephaniejing194,18815940147
30000524,40809236,Brianfanglei3,14514843995
30000525,50526833,Alexissunli7,15606697512
30000526,47140486,Marylei348,15919228651
30000527,43122332,Andreapingdu1,15168487003
30000528,53073860,Jodyswen4,18230736443
30000529,5078622,Juanzhongqiang1,13404311332
30000530,71002071,Emilyxiulanliu6,13765032402
30000531,10715123,Aprilqdu1,13358995169
30000532,9582194,Matthewxia236,13501848046
30000533,38442414,Tinaqinjuan0,15656277345
30000534,43830,Kaitlynfangmin6,15012102756
30000535,1376753,Michaelguiyingye8,15895496534
30000536,55203609,Andrewiyuan4,13882577643
30000537,44183677,Pedrodfeng4,15215412108
30000538,9628625,Sarahmsu4,15686950637
30000539,29361038,Teresaminkang8,15604835288
30000540,44032982,Tamarayang424,18960120809
30000541,25828238,Andreaqiangwu9,18994483282
30000542,47205086,Christinajun532,18166098614
30000543,84005557,Laurieyong560,13046642830
30000544,22097309,Cathyyangao8,14591115993
30000545,58048559,Oscarftian6,13052284717
30000546,71139616,Bettyyang003,13197654961
30000547,58357569,Davidchao769,15043793617
30000548,54807402,Ericsunlei8,18089770871
30000549,71645506,Ginahuangyan9,13499241824
30000550,46376688,Keithtanjie1,18943992059
30000551,22186898,Sharonleicheng9,13454892658
30000552,68422844,Justinyong758,13980968200
30000553,98437870,Julieping881,18623247817
30000554,90311338,Juanlixiulan2,13551866891
30000555,99635015,Leslieuyang1,15100728913
30000556,79274661,Amandaqiang920,13434711468
30000557,5013548,Randygyin2,18106451187
30000558,28092933,Jamesxiulan814,13942462504
30000559,39806703,Coreytaohu0,18825187167
30000560,48791854,Terrijiangmin4,13883376588
30000561,98483402,Donnagang403,15357291512
30000562,49626742,Michellemintang7,15216869405
30000563,59084914,Kevinxlong1,13643313935
30000564,73980216,Andrewyangjia5,18917834341
30000565,93257589,Loripengmin3,18529271093
30000566,47422681,Paulyancheng7,13574748653
30000567,33722634,Kristizcheng8,13076296724
30000568,95465593,Jamesmin286,14724112077
30000569,50477630,Davidweisun1,15596519566
30000570,33942186,Nicolena804,18265389749
30000571,8298881,Gabriellebaiyan9,18734395686
30000572,95900803,Kathleenzhaojie2,13624910791
30000573,11885207,Russellocui9,15323127955
30000574,57756950,Nataliexiuying156,15060803724
30000575,69928697,Sarahming538,18611871449
30000576,26843520,Elizabethbaiming7,13143244004
30000577,6048983,Charleslaiyong7,13667015779
30000578,28997870,Samanthajingyu9,13949304193
30000579,56913569,Williamrcheng4,13439995855
30000580,80715368,Meaganjing948,15989828903
30000581,80094876,Shirleyjun359,13418703232
30000582,2683799,Paulawangming1,13062770109
30000583,13380564,Joseguiyingxu3,15584546145
30000584,54496460,Fernandojuan369,14788483436
30000585,63541397,Justinweiqiang4,18286133616
30000586,75298555,Pamelaqiaogang8,18094556877
30000587,59275718,Lawrencechaopan5,13005674339
30000588,59924227,Kimberlyulai5,15879342948
30000589,33232508,Nancyyang786,18901020734
30000590,51821609,Megandingming1,18596475315
30000591,2189581,Carlosukang8,18975280286
30000592,95662695,Beverlyhujing7,13546308258
30000593,83554223,Patriciahoujun5,14516635983
30000594,1887853,Staceymingqin2,18145635251
30000595,21774553,Sierralitao3,13640750101
30000596,62188685,Taylortao056,13236200768
30000597,90623752,Christopherjliao7,18936204499
30000598,84639318,Lisaxiayuan4,13930996366
30000599,26221151,Anthonyguoxiuying8,13995517235
30000600,68603373,Jacobpding9,15753219768
30000601,33359700,Virginiataoshen0,15947952941
30000602,61551862,Davidyangming6,13086919887
30000603,86073417,Samuelzxie0,18174802764
30000604,48231909,Kimberlylaixia0,13536807409
30000605,16775220,Ryangang499,18054877831
30000606,46879110,Janetxia472,13443206191
30000607,43297726,Meganmoyang9,14793419175
30000608,53465238,Adrianaping521,15978139149
30000609,87547870,Joseli436,13894540222
30000610,6153540,Stephaniemxia9,15779724087
30000611,30038554,Michellegdeng2,18612762347
30000612,39063304,Amyqguo5,13120127184
30000613,58046142,Matthewxia002,15302955162
30000614,48583565,Christyyong682,15164132538
30000615,37076894,Carolmintan3,18607979614
30000616,40800011,Frankjie791,18291611397
30000617,83456596,Tiffanyna896,18909242856
30000618,40518541,Rebeccaweimao1,15606808674
30000619,78964686,Kevinxiulanxiong5,15702766669
30000620,89077481,Jonathanjingyang6,13038457830
30000621,78304109,Pattylei569,18106849801
30000622,17636445,Andrewei218,15033251756
30000623,55185356,Amynajiang3,13743289099
30000624,87535556,Amyzpan1,15329721619
30000625,50697427,Kristenzhulei0,13085835952
30000626,43092123,Ginamfeng9,15761435419
30000627,81020386,Ryanfhu3,15384078983
30000628,48891721,Jeffreyguiyingchen4,15782034645
30000629,64153858,Kylejuandu8,13795532505
30000630,26590219,Markrfan6,15381697353
30000631,737012,Shanejunkong5,13951473599
30000632,75130152,Peterqiangsu8,15720093154
30000633,16152120,Blakeminfeng9,14711144704
30000634,87564822,Charlenefang674,18016245251
30000635,37712310,Stephaniejuan468,13608088393
30000636,41176207,Isaaczoujing2,15144666126
30000637,19635088,Melanieluna1,15327367920
30000638,18403732,Thomasjieyan2,13329108003
30000639,97774846,Michaelrenli2,18225484621
30000640,43932351,Carolekong4,15264178442
30000641,95927039,Courtneyjundeng0,18934083241
30000642,59402060,Scottasun9,18256655450
30000643,2114187,Jenniferhexiuying3,18111439457
30000644,43903450,Erikdujing8,18753678020
30000645,76717116,Moniquexiaotao5,18989477175
30000646,45874109,Albertbhou1,13326483687
30000647,31201391,Victorialaijun2,18994571394
30000648,99411985,Michelleqiang510,14523551251
30000649,80090892,Juanguiying722,13868339291
30000650,47968219,Shirleyminghou3,13152298299
30000651,48683005,Coryohu6,18908352489
30000652,91149411,Courtneyguiying228,18299106590
30000653,84092069,Theodoreqinping4,18638226216
30000654,95022314,Rebeccauwen6,15064308921
30000655,36187027,Brandyleijuan5,18278964371
30000656,33208695,Meganliumin4,15304770563
30000657,3915523,Brookeotao9,13850086762
30000658,96224472,Bradleyluoyong4,13763874408
30000659,5652341,Amyxiadai1,15165727671
30000660,22636560,Thomasqiangxiang3,18634674065
30000661,83559624,Carolqcheng2,18099860007
30000662,82738761,Adamjie287,18957406974
30000663,68058661,Tamaragang969,13330786043
30000664,12681358,Richardyang324,13379984442
30000665,69982514,Patriciayaoxiulan6,18618411501
30000666,51118594,Mikaylartao0,13177805216
30000667,45171505,Michaelwuming5,13206355345
30000668,85942615,Danielduanxiuying9,18045693568
30000669,2219561,Breannaxiulan045,14551513312
30000670,31577076,Brookegongming8,13035987942
30000671,69851315,Rebeccajing970,18269610538
30000672,87246568,Andregongxia3,14517537866
30000673,16970922,Triciaibai6,13732985616
30000674,35081371,Christopherlaiyan1,13106441029
30000675,29613168,Josephmayan7,15773394937
30000676,88319803,Anthonyjingyu5,13457163478
30000677,62205498,Amandazliao9,15349279040
30000678,13879877,Michaellifeng0,15209002817
30000679,44947453,Frederickjingkong9,18041126415
30000680,47281332,Danielpingsong2,15283909975
30000681,28113737,Lisapengyong7,14529005481
30000682,99724276,Lorixiuying756,14573063586
30000683,49154849,Jeremylei351,13902242639
30000684,69312281,Jennaxiuyingye6,18820335439
30000685,26243764,Michaelrenping0,15214700090
30000686,63173376,Deborahfanming5,13515014829
30000687,93738651,Stacyliuming4,18000493218
30000688,6186876,Jaredping122,13146137661
30000689,49381979,Alexandralei884,18902744801
30000690,6751036,Adrianxiazhang3,18893232542
30000691,75226237,Maryuyu4,18996425053
30000692,10801918,Brittneyguiyinghan1,13750423058
30000693,77383778,Matthewcdu8,15229347040
30000694,72207024,Adamyangyang9,18204047366
30000695,36274512,Lynngaoli6,13766538174
30000696,52135200,Desireeweilin5,13718629308
30000697,2061559,Nicolelei589,13678105240
30000698,91656728,Stephenfang854,15955277554
30000699,20698515,Anthonytaotao7,13729830393
30000700,96068083,Michaeltao580,15556052247
30000701,12973255,Scottwanfang8,13852892950
30000702,40934754,Tracyftang2,13515826496
30000703,36924660,Alanna796,15362544038
30000704,68725495,Mathewqiangcao0,13257555316
30000705,32669435,Robertjing595,18141368790
30000706,67619382,Josephqiaojun4,13958429365
30000707,30719422,Michelejiesong3,18060283220
30000708,41472613,Paulmindeng8,18834103357
30000709,31537940,Erikeye0,13437904992
30000710,57726557,Morganguiying544,15292058859
30000711,82342234,Andreatao266,13371082505
30000712,43590612,Dannyluomin3,13985512670
30000713,86769846,Anthonyguiying546,13164686495
30000714,69872969,Curtisping540,14721618418
30000715,77333605,Alexandrataotao2,18728157459
30000716,87720259,Bobbylei316,13051444934
30000717,13558024,Laurieminggu2,15957576927
30000718,40293622,Billytgu7,13941408849
30000719,646321,Josephtaozeng1,15267346352
30000720,6393373,Katiemingqiu6,15716124419
30000721,6763640,Danieljuanchang0,18582652743
30000722,89273616,Darrenlei236,15554805728
30000723,95510392,Sarahzluo3,15708857334
30000724,29815289,Rodneylei269,18938428851
30000725,8327581,Melissaguiyingxie1,18565214673
30000726,83908941,Emilyminbai6,13187251563
30000727,35868156,Danieljun422,18615965910
30000728,68270186,Ryanfangqiu6,15503679135
30000729,18728088,Catherineyong748,13328669697
30000730,73738305,Samanthaguxiuying8,18925486884
30000731,80676348,Emilylei491,18853440217
30000732,12510795,Tammytbai8,18171815544
30000733,13122607,Allisonrenjun1,15504074971
30000734,43847143,Kaylaywei1,14599444854
30000735,43033379,Eddiexiuying079,14575421082
30000736,62691543,Kevinguiying833,13143099563
30000737,50853748,Jasonduxiuying1,15122482087
30000738,15970091,Devonjielin2,13046047540
30000739,25447873,Philipjuandu8,15377122975
30000740,70932270,Kevincuimin0,13171579603
30000741,1115727,Reneeyechao7,18644048191
30000742,37643935,Desireewanming2,13616942454
30000743,20554514,Jessicachaoyang0,15065302733
30000744,16216235,Barbaracaijuan2,14799800293
30000745,28686583,Fernandoyzheng0,18217512265
30000746,5505265,Michelleylai7,14567957929
30000747,24101493,Phillipjinyong7,13373907208
30000748,67148684,Josephrenyang2,13661385311
30000749,75707668,Daniellelhan6,18999651190
30000750,91410870,Margaretlei983,15743171836
30000751,52381065,Ashleyqiaochao2,18919623057
30000752,8553690,Davidlwen1,13103141872
30000753,51109509,Matthewxiadong6,18754708032
30000754,48613644,Ashleygang443,14510645132
30000755,12085668,Sarawyin1,15884367594
30000756,7848414,Robertweitang7,18608600398
30000757,1405026,Christinamcai0,15994540345
30000758,99176044,Dawnmxiong0,18634746383
30000759,56455953,Racheljunguo1,13920968018
30000760,11270119,Michaelnazhao8,13773325516
30000761,41285091,Taragang546,13022875110
30000762,40439136,Charleslujing9,15808430888
30000763,32716771,Desireeyinxia5,18047895551
30000764,48728683,Matthewayan3,13353476145
30000765,15649607,Kaylapjin9,13264160194
30000766,7756719,Dianachao762,15240738447
30000767,59835110,Jenniferguiying458,13241333094
30000768,70158786,Daniellechenggang5,15852677262
30000769,1380910,Hollyping265,18948098745
30000770,28676522,Markslai0,15112260790
30000771,41212240,Sallydpan1,18190763701
30000772,194945,Christopherxiulan430,13210576512
30000773,56642681,Joshuashaoyong3,13051152305
30000774,84171399,Baileyjinli0,14520124940
30000775,85196667,Kaitlynrxue2,13835761553
30000776,5372843,Jamielaiqiang0,14704562385
30000777,23384415,Krystalguiyingwang6,14718143440
30000778,17244176,Daniellmao0,15600228895
30000779,65667224,Brendaliyang4,18763513447
30000780,58733233,Tammyping085,15030207931
30000781,44543693,Ryanmoping7,18991528279
30000782,12743766,Kristyxialai5,15032221092
30000783,73874799,Oscarping348,13392294872
30000784,29907939,Shawnlicai8,15120142816
30000785,18622942,Alexispingsun0,18013259422
30000786,29709281,Brittanyzouyan0,18818344956
30000787,16624214,Gregoryguiying271,14566680387
30000788,6276362,Michellejtang5,15990488615
30000789,55409971,Juliercao8,13533601524
30000790,82481322,Thomaszhengtao4,14539109082
30000791,46433411,Lauraming269,18792305025
30000792,4471097,Anthonyjieqin1,18223603190
30000793,14843273,Sarahjluo8,13758217010
30000794,19013039,Markfang962,18539293004
30000795,1734034,Jessicaxwu0,13839749068
30000796,92732025,Amandagangfang1,18233109699
30000797,92302402,Shirleychao953,13396607546
30000798,20176136,Juanmoyang4,18724218576
30000799,99215552,Lisachao837,18005321223
30000800,62265102,Briansjiang1,18044623148
30000801,99846145,Staceyuqiu4,13785292280
30000802,94447316,Chelseaazhou0,15100933707
30000803,39481368,Monicazwan9,15858431948
30000804,83701184,Morganvqin9,15062750573
30000805,43987030,Lorigongmin5,15921202994
30000806,89234754,Ryanping003,18990894443
30000807,48626668,Christophermingliang0,15000861125
30000808,32815788,Christopherasong9,15561006909
30000809,88522111,Crystalna994,13403170001
30000810,4380351,Amyyan599,18197438752
30000811,4720164,Robinmin392,13461999068
30000812,90963643,Brandonzenglei2,13891635649
30000813,66531579,Kristiqiujun8,13342133719
30000814,23642560,Elizabethyuyong6,15274938361
30000815,74306923,Mistyxiulan886,15077728978
30000816,85209732,Amberhfu6,14569225714
30000817,99774363,Craigna949,14598768998
30000818,20469177,Travisli213,13856144615
30000819,69592263,Guyfengjing2,15526574999
30000820,62072649,Stephendengyong5,13887128679
30000821,45974922,Jongzhong8,18559368412
30000822,97537847,Ronaldbren8,13090212981
30000823,83530234,Kevinlgao9,13936033011
30000824,40562339,Matthewzhangqiang4,18234947253
30000825,40699202,Antoniotaosong9,13136057943
30000826,38251597,Wendyochen0,13452995457
30000827,51893163,Sherryjuanhao3,13048905564
30000828,25107067,Cindyyangliu5,13100238877
30000829,67679539,Thomaszlu7,15026330192
30000830,32759655,Joycexia103,18108171235
30000831,70612004,Maryuye0,18186540855
30000832,75322144,Nathanieljinghe1,18891027589
30000833,88056548,Michaeleyin1,18676326035
30000834,60940087,Craigyitao7,18963442626
30000835,61520431,Kennethpanjing9,13705283995
30000836,78354241,Ronnieeli8,15003323937
30000837,59095224,Travisjmo1,13399542994
30000838,11017431,Lindastan4,14525189537
30000839,12943784,Andrewtangjuan8,18534594140
30000840,84184016,Feliciagang641,18900729616
30000841,53858139,Rebeccayang976,15102225577
30000842,42327509,Shawnsmo7,18674520094
30000843,72847169,Angelajie360,15529156613
30000844,50262342,Thomasfang341,15907202163
30000845,68131302,Kimpingjia0,14524664006
30000846,35558583,Rachelli365,18112440862
30000847,71957869,Johnjuanxue2,15298007957
30000848,87705591,Angiejieqian6,18222294884
30000849,8024046,Hollydxiong7,13992136806
30000850,20044763,Heatherli831,13368286408
30000851,28483229,Evanweicheng7,15655617958
30000852,62323567,Charlesweimeng5,15109069499
30000853,61080263,Johnyangzhu0,15972002849
30000854,8691637,Jerrytaojuan0,14524381214
30000855,99963132,Caseyminyuan3,15369668692
30000856,15438003,Lisachao060,18606382189
30000857,84323347,Taraxiuying137,13513820808
30000858,81999897,Timothyjie569,13296102655
30000859,20237042,Adamminghou9,15893583506
30000860,60300942,Ericyan094,15396553046
30000861,19456492,Kyleguiying783,15980019422
30000862,72400784,Ebonytaoqian1,13758308259
30000863,92168930,Kathleenwujing2,15523178401
30000864,28051978,Christopheryang762,14522824328
30000865,80410492,Jenniferqjin7,15821694106
30000866,97384526,Ashleekyin5,18867320409
30000867,62757072,Russelljunshi8,15103650396
30000868,5336449,Michaelyliang2,18995106083
30000869,10621394,Bethanywanxiulan9,13135740844
30000870,25726275,Hollyjiedu8,13491205159
30000871,44604813,Thomaschao349,15698922811
30000872,29453238,Tylerping100,13965574366
30000873,35700517,Jeremyfengmin0,13551640377
30000874,72890936,Matthewhejing0,13186135357
30000875,70948974,Adamyangjin4,13358779867
30000876,93454414,Colemin531,13511295743
30000877,55783613,Christinajingsun1,15531398356
30000878,30039964,Rickyguiyingzhu3,18130458224
30000879,30222434,Stephaniehuyong6,13517466140
30000880,48951784,Rachaelguotao7,18921980558
30000881,17892827,Jasmineima4,13761088974
30000882,67316342,Victoriafengwei0,15356074666
30000883,83793462,Anthonyjuan602,15269019491
30000884,64892191,Jaredweina2,15740684203
30000885,36385522,Dawntyi3,13324092890
30000886,21470547,Matthewyong197,15980711584
30000887,74403431,Amberguoyang5,18203626022
30000888,95141688,Carolxiuying712,14724735488
30000889,84237361,Heidifumin7,18796039124
30000890,96620984,Paulmingyuan8,15587047454
30000891,41192184,Elizabethwyu1,18910659918
30000892,49076431,Cassierwang2,18035239908
30000893,58102565,Tarachaoliu4,14518306471
30000894,63908107,Shelbyxiuyinghou2,18701356993
30000895,68193461,Shannonnliang1,18137948834
30000896,13939571,Sharonddong2,13406653343
30000897,19784342,Shannonshifang0,14521554044
30000898,71578378,Teresaxionggang6,15196006930
30000899,96756676,Johnguiyingtao1,15625428896
30000900,19563886,Bobbyleihe6,13680331482
30000901,10102596,Richardweishi1,14727846533
30000902,52968860,Ashleywenjing1,13109918923
30000903,6759650,Michellevdai2,13157062590
30000904,55649285,Catherineming409,14508333866
30000905,96432419,Jennifergpan1,13641359005
30000906,15478917,Matthewfangqiang2,13854106733
30000907,16733183,Tonybsu3,13283340439
30000908,73691204,Briannaiye1,13678478490
30000909,47367708,Melissakongxia1,14588723732
30000910,38652,Victoryan297,15938247669
30000911,67913763,Kristinpingkong2,13352297117
30000912,91780980,Triciatao844,13932689964
30000913,21013768,Luislei574,14734813388
30000914,97071044,Ashleytao579,15819406526
30000915,88655529,Johnmintao4,13035160319
30000916,13445102,Jessicaminzhao7,13300812768
30000917,92157330,Justinzhenglei7,13116250153
30000918,73643593,Kathrynxia289,13472299614
30000919,16474086,Jacobxia827,13862610296
30000920,64255460,Tiffanylaina9,13912063820
30000921,6561505,Jonathanliaogang8,13126394475
30000922,3053058,Andremengna5,14517910458
30000923,98290659,Cindyfengqiang0,14744518879
30000924,19049106,Brandyjiedu7,14584413703
30000925,78059917,Joshuadxu7,13025442993
30000926,16320680,Joshuavsong9,15661255202
30000927,29149803,Kellyxiawei6,18686254726
30000928,75759575,Nicoleweiwei7,18024957181
30000929,58464892,Marcoyyang8,15145720056
30000930,22612380,Jasminetfan3,14765512586
30000931,43339280,Brendayangshen6,13973154697
30000932,45566394,Breannajie747,15268295970
30000933,1612356,Jeffreyleilei9,15129599456
30000934,36245642,Timothyyangyin5,18757747289
30000935,9711921,Sheliaxiulan186,15557071352
30000936,49189537,Stephenjuanzeng9,18796307131
30000937,93047661,Jillming808,18198628199
30000938,15960320,Davidwshao8,18757294572
30000939,78916463,Michaeljingwan0,15698794693
30000940,14199844,Jessicayanliu6,13968301570
30000941,9917286,Timothychao339,15792633254
30000942,82075927,Kristinamin571,15821479883
30000943,27879443,Debbiepingcao3,13981463362
30000944,6017989,Robertweigong7,14584014628
30000945,26927374,Teresagaoli7,13653702780
30000946,15420992,Brandonjuanxiang2,15119632293
30000947,40374369,Sarahxiulanmo6,13383202093
30000948,4714163,Kennetheqiao6,18987192827
30000949,60191779,Laurenxiaxu7,14511056452
30000950,42671626,Kathleenqlai0,13298447484
30000951,63273410,Jenniferguiying029,18106835041
30000952,81262526,Meghanmingxia1,13363895421
30000953,27505137,Michaeljyi0,15798811452
30000954,31394000,Michaelxiuyingding9,15582124251
30000955,40236360,Jonathanqiuxiuying7,18240983356
30000956,74013791,Samuelrwen7,15819001395
30000957,44914813,Robertgangbai3,18951683524
30000958,72897935,Jenniferchao565,14717685757
30000959,31201988,Josexiatang6,15672627911
30000960,73645986,Joshuaguiyingqin4,18041481875
30000961,48784214,Aaronzengjun9,13235764339
30000962,18495775,Arianachaotang5,13383135499
30000963,21866067,Ryanlei061,15040816584
30000964,9634992,Tonyamingdai8,14542149368
30000965,18131345,Paulfanghe0,13926515232
30000966,2649955,Michaeloqiu7,14788241132
30000967,77819321,Valeriejiebai2,14527223168
30000968,51397586,Reginali921,14504843071
30000969,64694214,Timothyjuanxie9,13194985067
30000970,22571007,Peterjuanliang1,15252311219
30000971,56341140,Kristiohu6,15241983541
30000972,37338084,Marcusfang903,15851877331
30000973,35072188,Christinaxiawang0,18979979117
30000974,93495301,Alexanderqianxia4,18803596237
30000975,32986402,Christopherxlu1,13370868034
30000976,26506647,Carolxiuying595,18925130224
30000977,91934994,Deborahxiacai0,13308011014
30000978,5335619,Josephhejuan4,13939290241
30000979,92341586,Tracytao953,18017470686
30000980,57848563,Amyjtian6,15553486863
30000981,54429895,Johngang836,18761634285
30000982,9999626,Tamaraleitao2,13967118816
30000983,66702801,Jenniferjuan984,14706917928
30000984,89108222,Matthewguiyingchen6,13899070000
30000985,4284536,Kevinvcao6,18081847336
30000986,407373,Abigailhanming7,13418132518
30000987,62285704,Travisxiuyingyi0,13197251714
30000988,15108807,Jenniferweigu9,18202658196
30000989,94364903,Douglasyangmeng4,13510848239
30000990,43874446,Jamesguiying954,15035143463
30000991,93510639,Brandonyliang1,13504048319
30000992,64596259,Reneeguiying952,13629103191
30000993,75229627,Aaronpengqiang9,15629016205
30000994,99930356,Susanyang378,15756070926
30000995,16867536,Sherryganglei0,18816388703
30000996,37252250,Sarahping251,15033006681
30000997,9707955,Carolynchao079,13184718766
30000998,67999323,Angelming217,13519058272
30000999,26770758,Ashleywuqiang7,13865384444
30001000,12683451,Brittneygangzeng8,15770209246
30001001,3946466,Nancyjing870,18882070355
30001002,24000321,Stacyyantian5,14546215257
30001003,40908823,Janeli113,15063309148
30001004,92664821,Sheilajuan277,15284392830
30001005,58318744,Tayloryaoming2,18054989750
30001006,17339964,Adriennexia850,13119517827
30001007,56824988,Yvetteming723,15134968854
30001008,55400008,Juliefanlei8,15229132045
30001009,17549745,Masonjunfan7,15255965408
30001010,28141341,Timothyqianglu7,13565622016
30001011,83508745,Crystalyandai1,15787184508
30001012,55773102,Nicoleqhe4,13685040751
30001013,96753064,Randyjuanyi3,13939054717
30001014,7640643,Lukezhangchao4,13131056129
30001015,93930420,Brandontdong3,13175251793
30001016,42077435,Jamesliujuan4,18608540300
30001017,72630938,Shannonming567,18834067916
30001018,67704293,Alexisxyuan7,18221262739
30001019,35191360,Suzannemingyang4,18790472184
30001020,99970390,Michaelxiulandu7,14579236871
30001021,54958951,Johnjingliao9,13632559707
30001022,7196102,Ryanli853,18665565111
30001023,46044303,Toddliaoxiuying9,13593671262
30001024,25939514,Jeffreyjiamin3,18536644558
30001025,89989418,Clintontaochao5,15750016406
30001026,6067809,Jasonhujun4,13240045935
30001027,20922672,Jodixiaping5,18080208580
30001028,32079708,Carmenjing139,15100055258
30001029,52414893,Cheyennechao471,13617899234
30001030,51675585,Michellechaofu7,18508650781
30001031,79087957,Rebeccafang120,18218964618
30001032,76033636,Mikesongguiying7,14784107285
30001033,64266930,Kurtminkong3,13922313850
30001034,28231400,Dennisjfang2,13683709691
30001035,40807591,Amandapingpan3,18905644619
30001036,9087392,Carolthao4,14594477858
30001037,34211540,Jackxiulantan3,18244733425
30001038,84396600,Elizabethgzeng9,15921892892
30001039,84874894,Heathertianming4,13089393016
30001040,49313277,Michaelyangbai2,15943174319
30001041,1774924,Denisetao570,15807663224
30001042,98260430,Michaelyaomin8,18625285371
30001043,5778966,Lisayanpan0,15125858072
30001044,36425587,Tarafhou9,15946859592
30001045,65173633,Elizabethyangfeng7,18802032285
30001046,20702281,Alejandroyonglin9,13751236030
30001047,76331237,Jeremyhchang9,18018073817
30001048,16077423,Johnathanqiang267,15825886010
30001049,56049749,Barbaraliyang5,18145484927
30001050,3297179,Ryaneliang9,15242015215
30001051,68555504,Douglasmlai3,18045253112
30001052,82065034,Reneertian9,13708766012
30001053,23689138,Danqgong6,18607784755
30001054,96276464,Nicholasnahuang1,18553928508
30001055,91184269,Alishaguiying249,13397560771
30001056,40999425,Ericdaitao6,13015693532
30001057,95332642,Michelejingshao6,15091048389
30001058,18702347,Amandaguxiulan2,13826954417
30001059,3815960,Christinacuiping7,18591981517
30001060,56979671,Meganltan6,15270072850
30001061,66929819,Jasminelliu1,15812493703
30001062,7786983,Johnmin439,15349635220
30001063,84565426,Nicoleqiaoping4,13829522073
30001064,8909176,Samuelleigang0,18726005272
30001065,36821259,Tamiguiyingyu3,14778478789
30001066,98375127,Jesusqiang386,13455126036
30001067,83329722,Desireeliaotao6,15171262656
30001068,85386013,Austinchao6,13402163743
30001069,1078312,Williamnaye5,13880271607
30001070,11924135,Barryxyin3,13904230602
30001071,40693866,Krystaltaozhang5,18784027651
30001072,36355358,Dylanyifang9,14766390992
30001073,20437848,Johnudai3,18957704991
30001074,68838874,Sabrinaqiang555,13631179761
30001075,64463445,Dylanwding9,15370112255
30001076,60782748,Carriefangli5,18982520149
30001077,25648744,Jessicaguoxiuying8,13830383949
30001078,38710742,Andreafang900,13027273266
30001079,17668408,Christopherxiuying933,14784783648
30001080,83065453,Karenjie485,18756946147
30001081,27748992,Kelseycaotao6,15110519619
30001082,51705190,Adammaowei1,15847244701
30001083,36024087,Brendawei641,18569669964
30001084,52700309,Nicholasxiulan299,14542268736
30001085,82435783,Tinafang873,15797342813
30001086,68417154,Garyli336,13154681302
30001087,20342944,Brandonhouchao2,13817479282
30001088,18971095,Patricktyi8,14539591836
30001089,40779393,Albertlei889,13315975153
30001090,47670457,Carlaheyong0,13262640045
30001091,80106593,Danieljuan035,18794886188
30001092,46955326,Richardjuan786,15234220823
30001093,90519239,Keithfangyong6,13966468729
30001094,72523193,Monicajuanyao9,13093373910
30001095,85258464,Johnweilong0,13760296709
30001096,61682238,Codyping146,18999511812
30001097,63316582,Carlosliyi4,13008160532
30001098,62188845,Jodyjunhou6,13832510878
30001099,96705483,Jenniferxwan9,14726954281
30001100,763332,Jasonrtang4,18912360564
30001101,92105089,Scotttxie4,15822913907
30001102,7753121,Kevinchaofang3,18242238171
30001103,71620558,Robertyong493,13217307515
30001104,54008007,Josephyixia1,18880707990
30001105,14635946,Jillweimeng7,15807314047
30001106,45440175,Jesusqiangtao3,14747026754
30001107,21663352,Andreohan3,13574112044
30001108,28152286,Sharonzhangwei4,15065439757
30001109,22733436,Brettguiying290,15987917663
30001110,39588968,Madelinemingren4,15061453797
30001111,55723046,Melissancao5,13391396214
30001112,47456778,Gregoryvfan4,18962817774
30001113,97216957,Josephmin863,14597147722
30001114,77466655,Maryfangqiang0,13726200305
30001115,88085579,Branditaoshi9,15070178223
30001116,53062079,Jeffreyduxiuying4,15626186749
30001117,10475294,Brianrmao9,13445201632
30001118,85713369,Brittanydzhong1,13622108988
30001119,31995016,Andreaweixu5,13014692732
30001120,54299412,Tinaazhou2,18211427524
30001121,27141113,Nathanlei782,14567920027
30001122,72079652,Kevinmingding2,14595843602
30001123,54417717,Maryigu6,13436390895
30001124,62685108,Danielhkang3,13730212552
30001125,99563547,Anthonypingkong9,15666867016
30001126,26934051,Carlosjing454,13456211024
30001127,44834555,Markleiqiang3,18729381016
30001128,66073239,Darlenetcai5,18128050694
30001129,35292340,Anthonyyaoming4,13570210553
30001130,36582150,Samuelchaosun3,13077328976
30001131,60501721,Marybchen6,13580492602
30001132,91878823,Lorijuanqin2,15231620170
30001133,58976432,Brianlei155,15596599428
30001134,1965902,Kristopherweiding7,18296263077
30001135,29785223,Ianwhan7,15534928398
30001136,82340094,Jacksonyan182,15183106158
30001137,41687994,Brianlaijie3,18078344250
30001138,61453920,Andrewdlu0,13918880025
30001139,53711793,Patriciazlin2,18614427797
30001140,67353286,Nicoleliaoping3,18790943920
30001141,17276931,Kevinrcui3,18603487926
30001142,85997776,Christopherxiacui0,13560860324
30001143,2932255,Seanmin889,13218289604
30001144,59450825,Janetxia085,14553886588
30001145,90927393,Jessicavhan0,18617346837
30001146,98046737,Michaelylin8,15125308482
30001147,79280839,Robertxia739,18847706771
30001148,52239960,Christopheryong734,18064525181
30001149,4565727,Chrispingcai4,15596213661
30001150,21245855,Julieliangchao2,18937007762
30001151,57729237,Stephanieyong971,13660373869
30001152,88965161,Howardleidong7,14513094221
30001153,66247234,Mistyxiangjing8,18786239531
30001154,71723563,Jeanmingdeng6,15883577473
30001155,79013482,Justinxiuyingzhu5,18564519081
30001156,13305406,Matthewchengyong8,15856103020
30001157,62647168,Troyosun3,14730628137
30001158,968621,Ronalddmo7,15508144561
30001159,89206805,Miaxiulanqiao4,15594041792
30001160,93242363,Lindahanna5,18727464287
30001161,15662170,Charlesbkang7,18688009029
30001162,32022513,Michelleytao1,15578926166
30001163,2969275,Ruthyangxie7,18040346105
30001164,45462122,Karlajunzhong5,13771437964
30001165,44510381,Lisaqhou3,18153455373
30001166,31961288,Barbarasunlei2,18067403102
30001167,98400966,Oliviaminglu9,13255696639
30001168,35187875,Mindynashen4,13003011100
30001169,23336070,Phillipguiying824,13127744032
30001170,81835874,Stephaniejuanqiu3,13756397222
30001171,99981556,Pamelajuan641,15702829674
30001172,37502119,Heatheryangxiulan8,18695658269
30001173,37281533,Sandralchang6,15777125320
30001174,262866,Nathanogong6,15109392482
30001175,90567193,Tyroneminglong6,18980541454
30001176,52346194,Ritaghe8,13498961037
30001177,80463511,Kathymin294,18631608277
30001178,33898377,Jameslei910,18713865310
30001179,30377790,Angiejwei8,13126346192
30001180,86481106,Johnashen4,13973916723
30001181,29478804,Rebeccaguogang5,13590402135
30001182,94783841,Mollylinli5,13819352274
30001183,13620608,Robertwye5,15077399171
30001184,99420062,Valeriexiuyingpan7,18778013096
30001185,50537495,Mariabsun4,18953214545
30001186,59744955,Judyhutao0,14580976284
30001187,63957556,Craiggangmeng6,15097706304
30001188,33893945,Pamelamin305,15099607233
30001189,79558181,Ryandongjing2,15191950732
30001190,82415525,Sararcai5,15878655166
30001191,64228761,Bradleylei671,13589622861
30001192,25929119,Mackenziejun131,18006428083
30001193,81942657,Kathyxia986,15301473976
30001194,37535001,Susanyong102,13742118402
30001195,25031591,Vickihanchao3,18973687243
30001196,28583820,Bobbypingcao6,15067535638
30001197,6570804,Tanyatcheng9,18586493098
30001198,76826054,Chaseewang7,13365154610
30001199,64851471,Luisfangdu5,13621655289
30001200,57713540,Elaineyong929,14554043737
30001201,49706772,Justinvlu2,13644792601
30001202,57993096,Brandigangxia1,18566672244
30001203,27581315,Emilyvxiang6,18518239724
30001204,18237795,Kathleenchentao8,18887718590
30001205,9975224,Adrienneekang9,13093874880
30001206,87519556,Ashleyfangmo6,13912545883
30001207,67479238,Brianlitian5,18249501085
30001208,93939492,Erictanxiulan2,15856110210
30001209,33209180,Brandonyangli3,15048771385
30001210,52477355,Carolynxia034,13040900891
30001211,15417251,Jonjun259,15706492780
30001212,22473707,Elizabethwangna6,18125188333
30001213,3698440,Davidjiamin1,18618485570
30001214,16714380,Robertping713,15663034297
30001215,49639001,Elizabethyong226,13617663276
30001216,71282435,Michaelyang268,15865899305
30001217,39096036,Leslieqiang102,18878848978
30001218,92694477,Michaelxiaofang0,14588170861
30001219,97190202,Annegangchen7,13633085753
30001220,13678777,Joshuaguiying957,15535359419
30001221,50960507,Josephzhou8,13708089079
30001222,10778838,Danawcao3,15325284510
30001223,47245075,Jasonguiyingzeng0,15994017938
30001224,20257743,Nathanielhefang4,13854670920
30001225,92575264,Mollyleiming4,13552317352
30001226,5532063,Calebchaoma4,18845249658
30001227,62307383,Davidchengyang1,14705055783
30001228,25141597,Jasonhdong4,14585108304
30001229,42679424,Christinaweiyan2,15129501682
30001230,91323156,Lynndtang6,13768767874
30001231,16301320,Jennifercwei9,13644527970
30001232,2362557,Stacytliang2,15129389447
30001233,86903820,Danielleiwei1,15960327304
30001234,26052755,Williamlonggang5,13490906666
30001235,80584261,Sharonjyan2,15837013540
30001236,41172377,Garyayu5,13516307251
30001237,77677228,Christopheryong785,15958534472
30001238,25328448,Andrewehe3,13616030552
30001239,4216605,Cristianjunwang2,13200612714
30001240,29507832,Johnheguiying6,13148437924
30001241,65057285,Michellejing695,14569899849
30001242,6499792,Tammyjkong4,15510275752
30001243,8328298,Patrickxia367,15501626644
30001244,67970070,Kimyuangang8,13177147240
30001245,82139735,Brianxiangjing1,13991427639
30001246,54802438,Kennethyang376,13472769581
30001247,88344270,Jenniferqiangsun8,15762688759
30001248,3164068,Aaronyiyong6,15299460282
30001249,34243848,Stephenna030,13817622025
30001250,36268016,Joannegangjia4,13256221808
30001251,69722967,Christopherweilei3,13428914426
30001252,75029036,Davidxiuying586,13626453106
30001253,81829774,Jorgegang169,14517562976
30001254,46089090,Anthonyqliu4,18913963379
30001255,76305566,Bethbyan0,18979035815
30001256,59962724,Meghanyeyong7,15087153474
30001257,16958234,Kimberlyuduan2,15027369862
30001258,17712200,Ericweijin1,15592579442
30001259,53686251,Williamczheng9,15625696965
30001260,80455400,Billfsong6,13907859845
30001261,6483579,Carlwei667,15643029549
30001262,52522307,Richardkongyan6,14514026488
30001263,54927292,Edwardjingren3,18770062424
30001264,86729727,Mercedesdengjuan3,15692310434
30001265,78319486,Patrickyongtang7,18963142638
30001266,36293230,Michaeljun661,13235537235
30001267,89311202,Bryanli955,14552797985
30001268,53369123,Patriciamenglei7,14707496241
30001269,88218311,Katelynzhouxiuying5,13195147335
30001270,58930519,Catherinewei743,13039326744
30001271,21666759,Nataliexiasu9,13055676618
30001272,33329024,Anthonyhanxiulan9,18618638634
30001273,74486854,Jeffqiang385,18155984744
30001274,93170826,Christinejiexie3,14778313485
30001275,98741113,Rebeccajing463,18003091366
30001276,60159267,Jessicadfang4,18780842867
30001277,39444820,Rachelwei774,18205544154
30001278,12740932,Christinarbai3,18531461786
30001279,84651174,Isaiahmtang8,15300836301
30001280,94644753,Ashleyyutao2,18967249280
30001281,1519228,Lancexia515,13856755003
30001282,20204433,Peterfangma8,13053333833
30001283,51001704,Kennethcsun7,18070340664
30001284,34702376,Bradleyllong4,14596588457
30001285,24058841,Melissaspan4,13447010027
30001286,44650926,Chadfgu2,13223500821
30001287,71777689,Emilyjunsu9,13291838849
30001288,75216863,Cameronjie813,18552213058
30001289,63693782,Tiffanyminhe1,18536957955
30001290,3353073,Eugenehtao6,13604073494
30001291,93747394,Samanthactang7,18067284372
30001292,6969912,Michaelping693,14727328662
30001293,54405776,Lorixiulanwei5,13707323183
30001294,31154123,Heatherxiulanfan0,15378722710
30001295,6616960,Markmin327,18266669468
30001296,8057235,Brittanyjing774,13589595183
30001297,5378029,Anneyaoyong6,15236124590
30001298,30588158,Joshuaytao5,13830041851
30001299,93207430,Russellxiuyingbai3,13430044431
30001300,23008465,Cathyyangxia1,18714203515
30001301,93494175,Donnaming826,13558349035
30001302,59283478,Adamtao931,15963061054
30001303,95178530,Tinachaosu3,15270481166
30001304,51330965,Hannahjiemao6,15878689202
30001305,54274198,Gregoryli369,15862991115
30001306,13483555,Gregorycaoli9,15610650526
30001307,94909173,Jasmineyang258,18708001363
30001308,19532424,Darlenexiangfang0,13991580359
30001309,50462117,Jacobjuan141,18062101576
30001310,16822450,Mathewffeng4,13553113252
30001311,29878079,Pamelatmao5,18206393038
30001312,41264935,Jeremiahbjiang9,18754331214
30001313,3653951,Johnpyao2,15914597172
30001314,46738066,Andrewpanyan4,13879234417
30001315,25493276,Annacaoxia2,15302379670
30001316,99360085,Adammaoxia6,13433115417
30001317,35782940,Madisongangcai8,14551723989
30001318,39423757,Bonniesongjuan0,15262142015
30001319,99704780,Nancyzyao1,18615799670
30001320,62000277,Christophertzhang9,13943006168
